expiration,type,strike,bid,ask,volume,open_interest,iv_source
2026-10-14,call,280.0,52.25,55.25,1.0,1,0.6186561572265626
2026-10-14,call,295.0,37.25,41.0,32.0,8,0.5273484765625001
2026-10-14,call,300.0,32.3,35.35,39.0,5,0.6054726953125001
2026-10-14,call,302.5,29.7,33.05,2.0,3,0.5893595751953126
2026-10-14,call,305.0,27.35,30.3,2.0,2,0.53320779296875
2026-10-14,call,307.5,24.85,27.85,6.0,6,0.5034229345703125
2026-10-14,call,310.0,22.4,25.4,4.0,5,0.4730277307128906
2026-10-14,call,312.5,20.0,22.5,2.0,15,0.4062559375
2026-10-14,call,315.0,17.55,20.55,3.0,2,0.41358008300781246
2026-10-14,call,317.5,15.25,18.3,14.0,4,0.3940490283203125
2026-10-14,call,320.0,14.7,15.5,25.0,62,0.3365544860839844
2026-10-14,call,322.5,11.95,13.15,5.0,18,0.30774618041992186
2026-10-14,call,325.0,10.3,10.8,12.0,60,0.27637442382812494
2026-10-14,call,327.5,8.2,8.7,45.0,93,0.2555006091308594
2026-10-14,call,330.0,6.35,6.8,75.0,102,0.23889921264648437
2026-10-14,call,332.5,5.0,5.3,389.0,259,0.23389437988281248
2026-10-14,call,335.0,3.7,3.85,939.0,351,0.22168747070312497
2026-10-14,call,337.5,2.65,2.85,375.0,165,0.22101609069824218
2026-10-14,call,340.0,1.84,1.94,2814.0,1434,0.21411918701171873
2026-10-14,call,342.5,1.06,1.35,128.0,160,0.21436332519531248
2026-10-14,call,345.0,0.75,0.88,71.0,199,0.21192194335937498
2026-10-14,call,347.5,0.46,0.62,54.0,528,0.21680470703125
2026-10-14,call,350.0,0.3,0.35,144.0,331,0.21070125244140625
2026-10-14,call,352.5,0.17,0.26,48.0,148,0.21949022705078125
2026-10-14,call,355.0,0.11,0.21,2.0,25,0.231452998046875
2026-10-14,call,357.5,0.07,0.12,2.0,78,0.22852333984375
2026-10-14,call,360.0,0.05,0.07,9.0,59,0.22852333984375
2026-10-14,call,362.5,0.01,0.08,3.0,3,0.2500075
2026-10-14,call,365.0,0.02,0.05,3.0,12,0.25098405273437496
2026-10-14,call,367.5,0.01,0.09,1.0,72,0.2890696093749999
2026-10-14,call,370.0,0.0,0.04,,34,0.27539787109374997
2026-10-14,call,375.0,0.0,0.33,1.0,21,0.41699801757812494
2026-10-14,call,380.0,0.0,0.32,,6,0.45215391601562505
2026-10-14,put,255.0,0.0,0.47,,1,0.8095722167968749
2026-10-14,put,260.0,0.0,0.47,,3,0.7578149218750001
2026-10-14,put,265.0,0.0,0.46,,21,0.7050810742187501
2026-10-14,put,270.0,0.0,0.43,,11,0.648441015625
2026-10-14,put,275.0,0.0,0.16,10.0,7,0.523442265625
2026-10-14,put,280.0,0.01,0.03,1.0,5,0.42578699218750005
2026-10-14,put,285.0,0.01,0.05,4.0,2,0.4101621484375
2026-10-14,put,290.0,0.02,0.06,8.0,48,0.3789124609375
2026-10-14,put,295.0,0.03,0.08,13.0,19,0.3505924316406249
2026-10-14,put,300.0,0.05,0.1,91.0,34,0.31836619140624994
2026-10-14,put,302.5,0.05,0.15,1.0,2,0.31592480957031244
2026-10-14,put,305.0,0.1,0.17,7.0,217,0.29932341308593746
2026-10-14,put,307.5,0.12,0.17,90.0,6,0.2758861474609374
2026-10-14,put,310.0,0.17,0.26,36.0,30,0.273444765625
2026-10-14,put,312.5,0.23,0.3,8.0,29,0.2563550927734375
2026-10-14,put,315.0,0.31,0.37,21.0,169,0.2417068017578125
2026-10-14,put,317.5,0.37,0.49,16.0,136,0.23072058349609376
2026-10-14,put,320.0,0.52,0.69,55.0,159,0.22315229980468748
2026-10-14,put,322.5,0.88,1.07,95.0,116,0.22327436889648436
2026-10-14,put,325.0,1.23,1.36,131.0,68,0.20850400878906244
2026-10-14,put,327.5,1.79,2.09,136.0,100,0.21265435791015624
2026-10-14,put,330.0,2.35,2.69,73.0,142,0.19928779235839844
2026-10-14,put,332.5,3.35,3.65,86.0,96,0.19409985595703128
2026-10-14,put,335.0,4.55,4.95,103.0,280,0.19373364868164064
2026-10-14,put,337.5,5.95,6.5,45.0,46,0.19385571777343752
2026-10-14,put,340.0,7.55,8.05,70.0,96,0.18091639404296872
2026-10-14,put,342.5,9.4,10.1,2.0,22,0.1848226049804687
2026-10-14,put,345.0,11.5,12.25,1.0,1,0.18506674316406246
2026-10-14,put,347.5,13.75,14.4,,2,0.1682212084960938
2026-10-30,call,185.0,147.4,150.9,,2,1.1806681591796875
2026-10-30,call,190.0,142.55,146.2,1.0,3,1.1816447167968749
2026-10-30,call,195.0,137.45,141.1,1.0,1,1.1137739624023437
2026-10-30,call,200.0,132.6,136.1,,10,1.0825241186523438
2026-10-30,call,205.0,127.5,131.0,,10,1.0180713159179686
2026-10-30,call,210.0,122.65,126.25,,1,1.009770576171875
2026-10-30,call,215.0,117.65,121.35,20.0,21,0.973633076171875
2026-10-30,call,220.0,112.65,116.3,1.0,12,0.9262702685546875
2026-10-30,call,225.0,107.7,111.2,,1,0.8798840136718749
2026-10-30,call,240.0,92.75,96.4,1.0,39,0.7731956274414062
2026-10-30,call,245.0,87.75,91.4,20.0,13,0.7326686889648437
2026-10-30,call,250.0,82.8,86.35,1.0,59,0.6928741650390625
2026-10-30,call,255.0,77.7,81.35,4.0,74,0.6479527392578125
2026-10-30,call,260.0,72.85,76.55,1.0,6,0.6280554772949221
2026-10-30,call,265.0,67.9,71.6,1.0,14,0.5939982006835938
2026-10-30,call,270.0,62.95,66.5,1.0,28,0.5529829858398438
2026-10-30,call,275.0,58.0,61.6,1.0,35,0.5211229528808592
2026-10-30,call,280.0,52.95,56.6,1.0,58,0.6033975207519533
2026-10-30,call,285.0,48.05,51.1,2.0,70,0.5307664111328125
2026-10-30,call,290.0,43.15,46.25,6.0,131,0.49646499633789065
2026-10-30,call,295.0,38.45,41.2,11.0,230,0.4508111560058594
2026-10-30,call,300.0,33.75,36.7,7.0,181,0.4317073431396484
2026-10-30,call,305.0,29.5,31.55,101.0,71,0.38019418640136715
2026-10-30,call,310.0,24.65,27.2,1.0,134,0.3617007189941406
2026-10-30,call,315.0,21.15,23.2,26.0,417,0.350470362548828
2026-10-30,call,320.0,18.05,18.45,35.0,450,0.307074800415039
2026-10-30,call,325.0,13.9,15.0,280.0,452,0.30005582763671873
2026-10-30,call,330.0,11.25,11.5,959.0,1601,0.28162339477539056
2026-10-30,call,335.0,8.55,8.65,1440.0,2738,0.27136959106445313
2026-10-30,call,340.0,6.2,6.45,1745.0,2211,0.2678906219482422
2026-10-30,call,345.0,4.4,4.6,415.0,2064,0.26258061645507813
2026-10-30,call,350.0,3.0,3.15,1492.0,3962,0.25739268005371096
2026-10-30,call,355.0,1.88,2.15,244.0,2785,0.2561109545898438
2026-10-30,call,360.0,1.27,1.35,430.0,2955,0.25098405273437496
2026-10-30,call,365.0,0.83,0.86,88.0,3306,0.2500075
2026-10-30,call,370.0,0.46,0.62,67.0,3336,0.25757578369140627
2026-10-30,call,375.0,0.28,0.37,142.0,780,0.2553785400390626
2026-10-30,call,380.0,0.15,0.32,150.0,507,0.2712475219726562
2026-10-30,call,385.0,0.08,0.2,21.0,235,0.27149166015625
2026-10-30,call,390.0,0.06,0.12,6.0,143,0.2710033837890625
2026-10-30,call,395.0,0.05,0.09,12.0,80,0.27930408203124996
2026-10-30,call,400.0,0.02,0.08,46.0,611,0.2919992675781249
2026-10-30,call,405.0,0.01,0.07,110.0,340,0.304694453125
2026-10-30,call,410.0,0.0,0.19,3.0,25,0.36524072265625
2026-10-30,call,415.0,0.0,0.2,1.0,30,0.3857483300781249
2026-10-30,put,185.0,0.01,0.03,1268.0,48,0.7578149218750001
2026-10-30,put,190.0,0.0,0.35,3.0,36,0.905274384765625
2026-10-30,put,200.0,0.0,0.25,7.0,8,0.79687703125
2026-10-30,put,215.0,0.0,0.38,,3,0.7304714453125
2026-10-30,put,220.0,0.0,0.2,18.0,21,0.6425816992187501
2026-10-30,put,225.0,0.0,0.3,,113,0.6425816992187501
2026-10-30,put,230.0,0.01,0.09,3.0,103,0.5371140039062501
2026-10-30,put,235.0,0.01,0.09,6.0,51,0.507817421875
2026-10-30,put,240.0,0.02,0.09,3.0,90,0.5136767382812499
2026-10-30,put,245.0,0.01,0.1,17.0,119,0.49023947265625006
2026-10-30,put,250.0,0.01,0.1,10.0,262,0.46094289062500005
2026-10-30,put,255.0,0.05,0.13,17.0,278,0.44727115234375
2026-10-30,put,260.0,0.05,0.13,6.0,358,0.418951123046875
2026-10-30,put,265.0,0.08,0.17,1.0,111,0.40479110839843746
2026-10-30,put,270.0,0.09,0.18,5.0,567,0.3789124609375
2026-10-30,put,275.0,0.13,0.22,21.0,323,0.36084623535156246
2026-10-30,put,280.0,0.23,0.28,13.0,139,0.344733115234375
2026-10-30,put,285.0,0.29,0.35,13.0,210,0.327155166015625
2026-10-30,put,290.0,0.41,0.48,42.0,710,0.3149482568359374
2026-10-30,put,295.0,0.59,0.65,14.0,559,0.30152065673828127
2026-10-30,put,300.0,0.85,0.89,95.0,1387,0.288947540283203
2026-10-30,put,305.0,1.2,1.27,71.0,978,0.2794261511230468
2026-10-30,put,310.0,1.71,1.85,113.0,1333,0.27259028198242186
2026-10-30,put,315.0,2.45,2.58,372.0,2117,0.2629468237304688
2026-10-30,put,320.0,3.4,3.65,2582.0,2106,0.2564771618652344
2026-10-30,put,325.0,4.85,5.05,121.0,888,0.24964129272460936
2026-10-30,put,330.0,6.6,6.85,200.0,967,0.24280542358398435
2026-10-30,put,335.0,8.75,9.0,136.0,615,0.23316196533203126
2026-10-30,put,340.0,11.35,11.85,97.0,667,0.22980506530761718
2026-10-30,put,345.0,14.25,15.5,27.0,305,0.23731231445312498
2026-10-30,put,350.0,17.35,19.7,5.0,93,0.25269302001953126
2026-10-30,put,355.0,21.3,23.65,1.0,17,0.24829853271484376
2026-10-30,put,360.0,25.65,27.85,2.0,40,0.24085231811523436
2026-10-30,put,365.0,30.45,32.6,1.0,4,0.25440198730468755
2026-10-30,put,370.0,34.45,38.1,35.0,17,0.3154365332031249
2026-10-30,put,375.0,39.3,43.0,1.0,0,0.3375310388183594
2026-10-30,put,380.0,44.75,48.05,31.0,38,0.36829244995117194
2026-10-30,put,390.0,54.3,58.05,2.0,0,0.42078215942382813
2026-11-20,call,100.0,232.4,235.4,7.0,6,1.5859395703124997
2026-11-20,call,105.0,155.9,159.1,12.0,12,1.0000000000000003e-05
2026-11-20,call,110.0,222.45,225.35,345.0,349,1.466799541015625
2026-11-20,call,115.0,186.9,190.55,,1,1.0000000000000003e-05
2026-11-20,call,120.0,212.5,216.05,1.0,70,1.466799541015625
2026-11-20,call,125.0,207.4,210.45,3.0,32,1.3154331103515622
2026-11-20,call,130.0,202.55,205.45,1.0,45,1.2890660546875
2026-11-20,call,135.0,197.55,200.5,8.0,23,1.2480506347656248
2026-11-20,call,140.0,192.45,195.5,2.0,25,1.1884806201171876
2026-11-20,call,145.0,187.5,191.0,15.0,31,1.2099648876953122
2026-11-20,call,150.0,182.5,185.5,9.0,216,1.1079146166992189
2026-11-20,call,155.0,177.65,181.0,1.0,47,1.1362347875976564
2026-11-20,call,160.0,172.65,175.65,1.0,98,1.0595750146484377
2026-11-20,call,165.0,154.95,158.2,1.0,3,1.0000000000000003e-05
2026-11-20,call,170.0,162.7,165.75,1.0,52,0.9948730981445313
2026-11-20,call,175.0,157.4,160.7,1.0,46,0.9230964721679689
2026-11-20,call,180.0,152.75,155.75,2.0,19,0.9238288867187501
2026-11-20,call,185.0,147.8,150.7,1.0,321,0.8872081591796874
2026-11-20,call,190.0,142.85,145.9,5.0,97,0.8710950390625
2026-11-20,call,195.0,137.65,140.85,1.0,24,0.8171405004882811
2026-11-20,call,200.0,132.9,136.0,5.0,138,0.8115253222656249
2026-11-20,call,205.0,127.95,130.9,75.0,219,0.7744163183593751
2026-11-20,call,210.0,122.95,126.0,2.0,75,0.7473169799804689
2026-11-20,call,215.0,118.0,120.8,1.0,155,0.7055693505859376
2026-11-20,call,220.0,113.05,115.8,1.0,172,0.676883114013672
2026-11-20,call,225.0,108.1,111.15,1.0,2448,0.667239655761719
2026-11-20,call,230.0,103.15,105.7,1.0,3676,0.6149940844726562
2026-11-20,call,235.0,98.2,101.25,5.0,168,0.614261669921875
2026-11-20,call,240.0,93.35,95.7,1.0,409,0.5650678259277344
2026-11-20,call,245.0,88.3,91.2,1.0,1844,0.5553022985839844
2026-11-20,call,250.0,84.0,86.05,3.0,488,0.5465133239746094
2026-11-20,call,255.0,78.3,80.85,33.0,1257,0.5689740368652343
2026-11-20,call,260.0,73.5,76.1,5.0,1074,0.5506636730957033
2026-11-20,call,265.0,68.9,70.75,4.0,1084,0.4995167236328125
2026-11-20,call,270.0,64.2,66.15,5.0,6478,0.4886525744628907
2026-11-20,call,275.0,58.9,61.5,11.0,3000,0.47290566162109376
2026-11-20,call,280.0,54.2,56.3,2.0,2024,0.4317683776855469
2026-11-20,call,285.0,49.35,51.45,1.0,2123,0.4061338684082031
2026-11-20,call,290.0,45.75,47.3,8.0,1772,0.40607283386230464
2026-11-20,call,295.0,41.8,42.25,7.0,1362,0.37055072814941403
2026-11-20,call,300.0,36.85,38.2,57.0,6390,0.36713279357910156
2026-11-20,call,305.0,32.7,33.6,4.0,3554,0.34314621704101556
2026-11-20,call,310.0,28.2,29.55,18.0,13416,0.3320379296875
2026-11-20,call,315.0,24.2,25.4,16.0,5603,0.31445998046874996
2026-11-20,call,320.0,20.8,21.45,60.0,6702,0.2979196185302734
2026-11-20,call,325.0,17.6,18.1,58.0,10850,0.29041236938476556
2026-11-20,call,330.0,14.6,14.9,839.0,11409,0.2805247729492187
2026-11-20,call,335.0,11.8,12.1,484.0,8452,0.2731395928955078
2026-11-20,call,340.0,9.4,9.65,695.0,12026,0.2666699310302735
2026-11-20,call,345.0,7.35,7.55,3998.0,7351,0.2610242355346679
2026-11-20,call,350.0,5.6,5.85,928.0,17209,0.2574537145996094
2026-11-20,call,355.0,4.25,4.4,6087.0,13421,0.25299819274902346
2026-11-20,call,360.0,3.15,3.2,1696.0,17900,0.24781025634765624
2026-11-20,call,365.0,2.3,2.38,1842.0,8328,0.24701680725097658
2026-11-20,call,370.0,1.69,1.72,1291.0,10673,0.24536887451171874
2026-11-20,call,375.0,1.18,1.23,270.0,4946,0.2442702526855469
2026-11-20,call,380.0,0.79,0.88,189.0,6643,0.2442702526855469
2026-11-20,call,385.0,0.58,0.63,75.0,2092,0.24488059814453128
2026-11-20,call,390.0,0.45,0.46,97.0,5147,0.24683370361328127
2026-11-20,call,395.0,0.29,0.34,8.0,1642,0.24951922363281248
2026-11-20,call,400.0,0.22,0.25,371.0,37275,0.25196060546875
2026-11-20,call,405.0,0.16,0.2,11.0,163,0.25757578369140627
2026-11-20,call,410.0,0.13,0.16,49.0,1748,0.2629468237304688
2026-11-20,call,415.0,0.03,0.18,19.0,157,0.2802806347656249
2026-11-20,call,420.0,0.1,0.11,192.0,6559,0.27539787109374997
2026-11-20,call,425.0,0.07,0.13,1.0,82,0.2934640966796874
2026-11-20,call,430.0,0.05,0.09,2.0,1396,0.2919992675781249
2026-11-20,call,440.0,0.04,0.08,2.0,1037,0.31055376953124997
2026-11-20,call,450.0,0.04,0.07,3.0,2191,0.327155166015625
2026-11-20,call,460.0,0.03,0.05,1205.0,1651,0.335944140625
2026-11-20,call,470.0,0.02,0.08,1.0,146,0.37402969726562496
2026-11-20,call,480.0,0.02,0.08,3.0,723,0.39453730468750003
2026-11-20,call,490.0,0.02,0.08,1.0,741,0.41309180664062495
2026-11-20,call,500.0,0.0,0.05,3.0,4647,0.41211525390625
2026-11-20,call,510.0,0.01,0.07,11.0,1628,0.44434149414062496
2026-11-20,call,520.0,0.0,0.16,6.0,68,0.50586431640625
2026-11-20,call,530.0,0.0,0.25,28.0,86,0.5097705273437501
2026-11-20,call,540.0,0.0,0.43,3.0,29,0.561527822265625
2026-11-20,call,550.0,0.0,0.38,2.0,45,0.5712933496093751
2026-11-20,call,560.0,0.0,0.43,4.0,122,0.5971719970703125
2026-11-20,call,570.0,0.0,0.49,2.0,40,0.624027197265625
2026-11-20,call,580.0,0.0,0.48,7.0,733,0.639652041015625
2026-11-20,call,590.0,0.0,0.49,1.0,53,0.65820654296875
2026-11-20,call,600.0,0.0,0.03,1.0,628,0.51562984375
2026-11-20,put,100.0,0.0,0.04,1.0,205,1.1015669921875002
2026-11-20,put,105.0,0.0,0.01,2.0,10,0.937500625
2026-11-20,put,110.0,0.0,0.03,1.0,230,0.992187578125
2026-11-20,put,115.0,0.0,0.02,8.0,563,0.92187578125
2026-11-20,put,120.0,0.0,0.01,7.0,138,0.8437515624999999
2026-11-20,put,125.0,0.0,0.04,1.0,80,0.9062509375
2026-11-20,put,130.0,0.0,0.01,3.0,73,0.7812521875
2026-11-20,put,135.0,0.0,0.04,1.0,322,0.8359391406249999
2026-11-20,put,140.0,0.0,0.04,14.0,698,0.804689453125
2026-11-20,put,145.0,0.0,0.14,4.0,307,0.867188828125
2026-11-20,put,150.0,0.0,0.04,13.0,303,0.7421900781249999
2026-11-20,put,155.0,0.0,0.04,1.0,604,0.710940390625
2026-11-20,put,160.0,0.01,0.04,1.0,401,0.6992217578125001
2026-11-20,put,165.0,0.0,0.07,2.0,148,0.6914093359375001
2026-11-20,put,170.0,0.0,0.2,1.0,447,0.7382838671874999
2026-11-20,put,175.0,0.01,0.08,1.0,142,0.6523472265625001
2026-11-20,put,180.0,0.01,0.09,57.0,305,0.632816171875
2026-11-20,put,185.0,0.0,0.07,3.0,1103,0.585941640625
2026-11-20,put,190.0,0.0,0.32,1.0,565,0.6601596484375001
2026-11-20,put,195.0,0.0,0.08,6.0,537,0.5429733203125001
2026-11-20,put,200.0,0.01,0.06,2.0,2222,0.5117236328125
2026-11-20,put,205.0,0.03,0.07,2.0,1530,0.507817421875
2026-11-20,put,210.0,0.02,0.06,520.0,1923,0.49414568359375005
2026-11-20,put,215.0,0.05,0.08,49.0,1022,0.485356708984375
2026-11-20,put,220.0,0.06,0.08,111.0,3875,0.46191944335937507
2026-11-20,put,225.0,0.07,0.09,1.0,1534,0.445318046875
2026-11-20,put,230.0,0.09,0.11,90.0,6056,0.432622861328125
2026-11-20,put,235.0,0.04,0.2,1.0,2114,0.442388388671875
2026-11-20,put,240.0,0.1,0.18,510.0,2855,0.41309180664062495
2026-11-20,put,245.0,0.1,0.26,21.0,2593,0.4106504248046875
2026-11-20,put,250.0,0.2,0.24,12.0,7115,0.38233039550781245
2026-11-20,put,255.0,0.25,0.31,10.0,6254,0.37354142089843745
2026-11-20,put,260.0,0.31,0.35,40.0,6373,0.3566958862304687
2026-11-20,put,265.0,0.39,0.42,38.0,6655,0.3435124243164062
2026-11-20,put,270.0,0.47,0.51,47.0,7965,0.33081723876953123
2026-11-20,put,275.0,0.6,0.65,86.0,5379,0.3210517114257812
2026-11-20,put,280.0,0.78,0.8,80.0,8987,0.3090889404296875
2026-11-20,put,285.0,0.97,1.03,810.0,5370,0.3001778967285156
2026-11-20,put,290.0,1.25,1.32,204.0,7046,0.2910227148437499
2026-11-20,put,295.0,1.6,1.67,464.0,6561,0.28113511840820304
2026-11-20,put,300.0,2.12,2.2,577.0,19844,0.27472649108886715
2026-11-20,put,305.0,2.69,2.83,387.0,5366,0.2668530346679688
2026-11-20,put,310.0,3.55,3.7,351.0,16676,0.26142096008300786
2026-11-20,put,315.0,4.6,4.75,356.0,10987,0.25501233276367197
2026-11-20,put,320.0,5.95,6.05,317.0,7269,0.2488173263549805
2026-11-20,put,325.0,7.4,7.7,232.0,3878,0.24420921813964847
2026-11-20,put,330.0,9.3,9.45,166.0,5918,0.23493196716308595
2026-11-20,put,335.0,11.65,11.8,160.0,3620,0.2312698944091797
2026-11-20,put,340.0,14.1,14.4,27.0,3813,0.22516643981933593
2026-11-20,put,345.0,16.95,17.4,102.0,1429,0.21973436523437498
2026-11-20,put,350.0,19.95,20.65,8.0,777,0.21131159790039059
2026-11-20,put,355.0,23.65,25.3,2.0,261,0.23212437805175778
2026-11-20,put,360.0,27.35,29.15,2.0,467,0.22522747436523435
2026-11-20,put,365.0,31.3,32.75,1.0,125,0.19507640869140624
2026-11-20,put,370.0,36.15,37.9,1.0,200,0.22339643798828124
2026-11-20,put,375.0,40.9,42.55,5.0,57,0.2249833361816406
2026-11-20,put,380.0,45.6,47.4,1.0,0,0.23413851806640623
2026-11-20,put,385.0,50.3,52.65,6.0,0,0.26868407104492187
2026-11-20,put,390.0,54.5,57.65,5.0,0,0.2867502966308593
2026-11-20,put,400.0,64.5,68.15,4.0,0,0.352545537109375
2026-11-20,put,410.0,74.6,77.65,1.0,0,0.3548648498535155
2027-01-15,call,5.0,327.05,330.75,5.0,12,4.121098598632813
2027-01-15,call,10.0,0.0,0.0,2.0,0,1.0000000000000003e-05
2027-01-15,call,15.0,0.0,0.0,1.0,0,1.0000000000000003e-05
2027-01-15,call,20.0,0.0,0.0,1.0,0,1.0000000000000003e-05
2027-01-15,call,25.0,174.8,178.65,3.0,5,1.0000000000000003e-05
2027-01-15,call,30.0,0.0,0.0,4.0,0,1.0000000000000003e-05
2027-01-15,call,35.0,297.35,301.15,1.0,5,2.1376999682617184
2027-01-15,call,40.0,259.2,263.0,10.0,39,1.0000000000000003e-05
2027-01-15,call,45.0,223.0,226.9,1.0,2,1.0000000000000003e-05
2027-01-15,call,50.0,282.4,286.1,1.0,120,1.787110439453125
2027-01-15,call,60.0,272.65,276.15,1.0,131,1.6533220458984377
2027-01-15,call,70.0,256.85,260.75,1.0,139,1.0000000000000003e-05
2027-01-15,call,80.0,252.9,256.6,6.0,283,1.4472683886718751
2027-01-15,call,85.0,247.85,251.55,1.0,116,1.3791534948730466
2027-01-15,call,90.0,243.05,246.6,3.0,273,1.3442415600585935
2027-01-15,call,95.0,237.8,241.65,5.0,24,1.2756383874511714
2027-01-15,call,100.0,233.15,236.2,2.0,599,1.218265627441406
2027-01-15,call,105.0,0.0,0.0,3.0,0,1.0000000000000003e-05
2027-01-15,call,110.0,223.3,226.3,5.0,214,1.1452679455566406
2027-01-15,call,115.0,0.0,0.0,62.0,0,1.0000000000000003e-05
2027-01-15,call,120.0,210.15,213.5,6.0,0,0.7812521875
2027-01-15,call,125.0,208.35,211.4,10.0,334,1.031743122558594
2027-01-15,call,130.0,203.55,206.5,1.0,478,1.0109912731933592
2027-01-15,call,135.0,195.35,198.65,2.0,0,0.7514673291015624
2027-01-15,call,140.0,0.0,0.0,3.0,0,1.0000000000000003e-05
2027-01-15,call,145.0,188.75,191.7,1.0,6413,0.9240730249023439
2027-01-15,call,150.0,183.85,186.45,1.0,1697,0.8833019482421874
2027-01-15,call,155.0,178.75,181.85,5.0,82,0.8643812390136718
2027-01-15,call,160.0,173.85,176.9,1.0,623,0.8388687988281249
2027-01-15,call,165.0,168.9,171.95,50.0,463,0.8120135986328124
2027-01-15,call,170.0,163.9,166.85,1.0,969,0.7779563220214845
2027-01-15,call,175.0,159.2,162.05,1.0,1140,0.7670921728515626
2027-01-15,call,180.0,154.25,157.05,2.0,1050,0.7397486962890624
2027-01-15,call,185.0,149.35,152.2,1.0,826,0.719729365234375
2027-01-15,call,190.0,144.4,147.15,1.0,797,0.6918976123046876
2027-01-15,call,195.0,139.35,142.45,1.0,638,0.6722444885253909
2027-01-15,call,200.0,135.05,137.45,1.0,12584,0.6649203430175783
2027-01-15,call,205.0,129.65,132.65,3.0,128,0.6329992755126954
2027-01-15,call,210.0,124.75,127.55,1.0,2313,0.6070595935058594
2027-01-15,call,215.0,119.85,122.75,4.0,244,0.5889323333740235
2027-01-15,call,220.0,114.95,117.95,7.0,7219,0.5706830041503907
2027-01-15,call,225.0,110.05,112.9,6.0,480,0.5468795312500001
2027-01-15,call,230.0,105.25,107.65,14.0,10337,0.5213060565185546
2027-01-15,call,235.0,100.35,103.15,11.0,418,0.5094043200683593
2027-01-15,call,240.0,96.1,97.95,23.0,9104,0.5283250292968751
2027-01-15,call,245.0,90.55,93.45,2.0,3312,0.5192308819580078
2027-01-15,call,250.0,86.4,88.6,10.0,24486,0.49835706726074225
2027-01-15,call,255.0,81.1,83.75,15.0,6365,0.477544287109375
2027-01-15,call,260.0,76.6,78.7,106.0,11566,0.45111632873535157
2027-01-15,call,265.0,72.4,74.0,101.0,3883,0.4343928631591797
2027-01-15,call,270.0,67.9,69.75,16.0,9181,0.4283504431152344
2027-01-15,call,275.0,62.65,64.75,73.0,2280,0.4030211065673829
2027-01-15,call,280.0,59.35,60.05,150.0,31456,0.38471074279785156
2027-01-15,call,285.0,55.05,55.6,1.0,3164,0.3712221081542969
2027-01-15,call,290.0,50.8,52.0,3.0,10657,0.37354142089843745
2027-01-15,call,295.0,45.65,46.95,59.0,8025,0.3458317370605468
2027-01-15,call,300.0,42.45,42.85,222.0,64441,0.33530327789306635
2027-01-15,call,305.0,38.45,38.9,12.0,5094,0.32569033691406246
2027-01-15,call,310.0,33.9,35.15,125.0,27876,0.31748119049072265
2027-01-15,call,315.0,30.7,31.55,30.0,13896,0.3095466995239258
2027-01-15,call,320.0,27.1,28.2,893.0,34062,0.3031991067504882
2027-01-15,call,325.0,24.05,24.65,64.0,8440,0.29148047393798815
2027-01-15,call,330.0,21.0,21.5,330.0,22392,0.28321029296874994
2027-01-15,call,335.0,18.25,18.7,503.0,7031,0.2772899420166015
2027-01-15,call,340.0,15.8,16.0,375.0,10276,0.26996579650878905
2027-01-15,call,345.0,13.55,13.75,100.0,7091,0.26615113739013674
2027-01-15,call,350.0,11.5,11.7,926.0,55206,0.2622144091796875
2027-01-15,call,355.0,9.6,9.8,223.0,14828,0.25748423187255864
2027-01-15,call,360.0,8.0,8.3,124.0,35672,0.2558973336791992
2027-01-15,call,365.0,6.6,6.85,296.0,5816,0.25214370910644535
2027-01-15,call,370.0,5.35,5.6,153.0,10487,0.2486647399902344
2027-01-15,call,375.0,4.45,4.65,110.0,5484,0.2477492218017578
2027-01-15,call,380.0,3.5,3.75,332.0,12241,0.24500266723632813
2027-01-15,call,385.0,2.88,3.1,110.0,8372,0.24500266723632813
2027-01-15,call,390.0,2.29,2.47,141.0,6053,0.24277490631103515
2027-01-15,call,395.0,1.85,1.99,94.0,2091,0.24195093994140626
2027-01-15,call,400.0,1.48,1.58,479.0,11513,0.24066921447753903
2027-01-15,call,410.0,0.93,1.0,503.0,4141,0.2395095581054687
2027-01-15,call,420.0,0.57,0.64,207.0,3674,0.2399978344726562
2027-01-15,call,430.0,0.35,0.41,10.0,6849,0.24097438720703124
2027-01-15,call,440.0,0.22,0.3,100.0,4265,0.247077841796875
2027-01-15,call,450.0,0.16,0.19,112.0,19098,0.24781025634765624
2027-01-15,call,460.0,0.02,0.19,1.0,458,0.26319096191406255
2027-01-15,call,470.0,0.0,0.14,2.0,439,0.26758544921875
2027-01-15,call,480.0,0.01,0.1,9.0,8876,0.2710033837890625
2027-01-15,call,490.0,0.0,0.09,8.0,1010,0.28125718749999995
2027-01-15,call,500.0,0.04,0.08,763.0,12667,0.29004616210937495
2027-01-15,call,510.0,0.0,0.29,1.0,198,0.35156898437499995
2027-01-15,call,520.0,0.03,0.11,12.0,4640,0.32569033691406246
2027-01-15,call,530.0,0.03,0.06,3.0,5971,0.317389638671875
2027-01-15,call,540.0,0.0,0.35,5.0,736,0.4008848974609375
2027-01-15,call,550.0,0.02,0.05,301.0,11824,0.33399103515625
2027-01-15,call,560.0,0.01,0.12,14.0,71,0.3754945263671875
2027-01-15,call,570.0,0.01,0.05,10.0,72,0.3544986425781249
2027-01-15,call,580.0,0.0,0.33,1.0,127,0.4467828759765625
2027-01-15,call,590.0,0.01,0.09,5.0,148,0.39649041015625003
2027-01-15,call,600.0,0.01,0.03,5.0,14014,0.367193828125
2027-01-15,put,5.0,0.0,0.01,50.0,1699,2.3750040624999995
2027-01-15,put,10.0,0.0,0.22,10.0,143,2.5976597558593753
2027-01-15,put,15.0,0.0,0.01,2.0,90,1.71875140625
2027-01-15,put,20.0,0.0,0.01,1004.0,4433,1.5625021874999998
2027-01-15,put,25.0,0.0,0.01,2.0,3415,1.4375028125
2027-01-15,put,30.0,0.0,0.01,2.0,47,1.3125034374999998
2027-01-15,put,35.0,0.0,0.01,2.0,129,1.2500037499999999
2027-01-15,put,40.0,0.0,0.01,1.0,1024,1.15625421875
2027-01-15,put,45.0,0.0,0.01,1.0,81,1.09375453125
2027-01-15,put,50.0,0.0,0.01,1.0,2801,1.0312548437500002
2027-01-15,put,60.0,0.0,0.02,1.0,1242,0.98437515625
2027-01-15,put,70.0,0.0,0.18,1.0,190,1.09375453125
2027-01-15,put,80.0,0.0,0.02,8.0,937,0.8281267187499999
2027-01-15,put,85.0,0.0,0.05,10.0,361,0.851563984375
2027-01-15,put,90.0,0.0,0.05,9.0,1756,0.8164080859374999
2027-01-15,put,95.0,0.0,0.05,1.0,928,0.7851583984375
2027-01-15,put,100.0,0.01,0.03,31.0,3217,0.7382838671874999
2027-01-15,put,105.0,0.0,0.41,2.0,1546,0.893555751953125
2027-01-15,put,110.0,0.0,0.14,7.0,797,0.7656273437500001
2027-01-15,put,115.0,0.01,0.08,2.0,798,0.70312796875
2027-01-15,put,120.0,0.0,0.05,1.0,3141,0.64062859375
2027-01-15,put,125.0,0.01,0.06,1.0,851,0.6367223828125
2027-01-15,put,130.0,0.0,0.1,5.0,4947,0.632816171875
2027-01-15,put,135.0,0.01,0.04,20.0,1591,0.570316796875
2027-01-15,put,140.0,0.0,0.17,1.0,2109,0.6171913281250001
2027-01-15,put,145.0,0.0,0.14,1.0,8858,0.5820354296875
2027-01-15,put,150.0,0.01,0.1,20.0,5046,0.5468795312500001
2027-01-15,put,155.0,0.0,0.1,1.0,1240,0.5195360546875
2027-01-15,put,160.0,0.02,0.11,2.0,5349,0.5136767382812499
2027-01-15,put,165.0,0.0,0.17,7.0,3828,0.507817421875
2027-01-15,put,170.0,0.03,0.11,2.0,7670,0.5009815527343751
2027-01-15,put,175.0,0.05,0.11,2.0,3615,0.481450498046875
2027-01-15,put,180.0,0.0,0.13,1.0,9077,0.47070841796875
2027-01-15,put,185.0,0.01,0.15,11.0,5486,0.45898978515625005
2027-01-15,put,190.0,0.02,0.16,2.0,7319,0.44336494140625
2027-01-15,put,195.0,0.03,0.18,2.0,5716,0.43066975585937506
2027-01-15,put,200.0,0.06,0.2,2.0,21285,0.41797457031249996
2027-01-15,put,205.0,0.07,0.24,1.0,195,0.40918559570312496
2027-01-15,put,210.0,0.09,0.28,1.0,15909,0.3991759301757813
2027-01-15,put,215.0,0.15,0.27,1.0,569,0.3789124609375
2027-01-15,put,220.0,0.27,0.31,1.0,17048,0.3684145190429688
2027-01-15,put,225.0,0.32,0.37,2.0,1796,0.3601138208007812
2027-01-15,put,230.0,0.38,0.42,390.0,25315,0.3491276025390625
2027-01-15,put,235.0,0.44,0.49,2.0,1933,0.33960621337890623
2027-01-15,put,240.0,0.54,0.58,9.0,59488,0.331061376953125
2027-01-15,put,245.0,0.65,0.68,5.0,4707,0.32227240234374993
2027-01-15,put,250.0,0.77,0.82,125.0,26408,0.3150703259277343
2027-01-15,put,255.0,0.93,0.99,5.0,5879,0.30811238769531246
2027-01-15,put,260.0,1.12,1.19,389.0,12980,0.30103238037109376
2027-01-15,put,265.0,1.38,1.44,168.0,4738,0.2946847875976562
2027-01-15,put,270.0,1.64,1.74,102.0,18208,0.28833719482421866
2027-01-15,put,275.0,1.99,2.08,18.0,7348,0.2815013256835937
2027-01-15,put,280.0,2.38,2.5,262.0,21030,0.2752758020019531
2027-01-15,put,285.0,2.82,3.05,24.0,4513,0.27057614196777346
2027-01-15,put,290.0,3.5,3.65,122.0,10447,0.264655791015625
2027-01-15,put,295.0,4.15,4.35,191.0,11219,0.2586133709716797
2027-01-15,put,300.0,4.95,5.2,652.0,15566,0.25324233093261717
2027-01-15,put,305.0,5.85,6.2,114.0,9286,0.24808491180419923
2027-01-15,put,310.0,7.05,7.35,424.0,25745,0.24277490631103515
2027-01-15,put,315.0,8.35,8.6,258.0,14926,0.2362442098999023
2027-01-15,put,320.0,9.9,10.25,80.0,11417,0.23303989624023438
2027-01-15,put,325.0,11.65,12.05,182.0,6239,0.22873696075439454
2027-01-15,put,330.0,13.65,13.9,69.0,5689,0.22184005706787108
2027-01-15,put,335.0,15.85,16.15,53.0,2524,0.21723194885253905
2027-01-15,put,340.0,18.3,18.85,62.0,3071,0.21540091247558596
2027-01-15,put,345.0,21.0,21.5,30.0,690,0.20908383697509764
2027-01-15,put,350.0,24.0,24.65,10.0,745,0.20624573059082027
2027-01-15,put,355.0,27.2,27.85,46.0,279,0.20014227600097656
2027-01-15,put,360.0,30.25,31.3,17.0,257,0.19361157958984376
2027-01-15,put,365.0,34.05,35.1,10.0,217,0.18872881591796875
2027-01-15,put,370.0,38.35,39.8,2.0,240,0.19919624053955076
2027-01-15,put,375.0,42.55,43.25,10.0,34,0.17517914672851562
2027-01-15,put,380.0,46.45,47.6,1.0,18,0.1660849993896485
2027-01-15,put,385.0,50.9,53.1,6.0,11,0.19751779052734375
2027-01-15,put,390.0,55.65,57.8,4.0,41,0.19904365417480469
2027-01-15,put,395.0,73.65,76.25,2.0,0,0.4928334408569337
2027-01-15,put,400.0,64.95,67.4,2.0,0,0.20374331420898437
2027-01-15,put,410.0,75.25,77.4,1.0,1,0.22522747436523435
2027-01-15,put,420.0,98.35,101.4,10.0,0,0.5516707431030273
2027-01-15,put,430.0,108.1,111.4,5.0,0,0.5792278405761719
2027-01-15,put,440.0,104.7,107.4,20.0,0,0.2846751220703124
2027-01-15,put,450.0,0.0,0.0,1.0,0,1.0000000000000003e-05
2027-01-15,put,530.0,265.5,269.2,10.0,0,1.7212233177185057
2027-01-15,put,550.0,290.0,293.8,,0,1.832398298950195
2027-01-15,put,600.0,287.65,291.05,,0,1.1368146186828616
2027-04-16,call,195.0,141.9,145.5,22.0,22,0.5875895733642578
2027-04-16,call,200.0,137.25,140.2,4.0,6,0.5659223095703125
2027-04-16,call,210.0,127.55,129.8,1.0,2,0.5212450219726561
2027-04-16,call,215.0,122.95,125.6,4.0,5,0.5161791546630858
2027-04-16,call,220.0,118.2,120.85,7.0,9,0.5014698291015626
2027-04-16,call,225.0,113.4,115.75,1.0,571,0.5091296646118165
2027-04-16,call,230.0,108.7,111.2,2.0,20,0.49762465270996104
2027-04-16,call,235.0,104.8,106.65,1.0,88,0.48575343353271483
2027-04-16,call,240.0,99.55,102.5,4.0,24,0.48126739440917965
2027-04-16,call,245.0,94.85,97.6,10.0,28,0.46188892608642584
2027-04-16,call,250.0,90.45,92.95,10.0,41,0.4472101177978516
2027-04-16,call,255.0,85.8,87.9,1.0,47,0.42542078491210944
2027-04-16,call,260.0,82.8,84.0,1.0,492,0.42310147216796873
2027-04-16,call,265.0,77.55,79.65,38.0,49,0.4124204266357422
2027-04-16,call,270.0,73.25,75.2,20.0,50,0.399694723815918
2027-04-16,call,275.0,70.3,71.15,1.0,76,0.3923705783081054
2027-04-16,call,280.0,65.05,67.25,5.0,266,0.38626712371826166
2027-04-16,call,285.0,60.7,63.0,4.0,2184,0.3745484909057617
2027-04-16,call,290.0,58.05,59.15,67.0,135,0.36737693176269537
2027-04-16,call,295.0,54.15,54.9,10.0,34,0.3543460562133788
2027-04-16,call,300.0,50.25,51.35,56.0,141,0.3491123439025879
2027-04-16,call,305.0,46.85,47.95,11.0,25,0.3445194943237304
2027-04-16,call,310.0,43.25,43.95,53.0,102,0.33199215377807617
2027-04-16,call,315.0,39.85,40.85,2.0,1536,0.3285894778442382
2027-04-16,call,320.0,36.05,37.2,191.0,124,0.31799998413085934
2027-04-16,call,325.0,33.3,34.25,113.0,240,0.31378860046386714
2027-04-16,call,330.0,30.6,31.3,162.0,324,0.30832600860595705
2027-04-16,call,335.0,28.0,28.5,15.0,1105,0.3031075549316406
2027-04-16,call,340.0,25.45,26.0,34.0,1777,0.29968962036132807
2027-04-16,call,345.0,23.0,23.6,19.0,402,0.29596651306152344
2027-04-16,call,350.0,20.55,21.4,10.0,1158,0.29291478576660146
2027-04-16,call,355.0,18.65,19.2,49.0,333,0.28850503982543935
2027-04-16,call,360.0,16.6,17.25,18.0,1694,0.28531598480224607
2027-04-16,call,365.0,14.75,15.2,7.0,350,0.27960925476074217
2027-04-16,call,370.0,13.25,13.75,4.0,470,0.2790752024841308
2027-04-16,call,375.0,11.65,12.1,5.0,283,0.2749095947265625
2027-04-16,call,380.0,10.4,10.65,14.0,524,0.2715832119750976
2027-04-16,call,385.0,9.15,9.4,2.0,252,0.26926389923095706
2027-04-16,call,390.0,8.05,8.4,33.0,244,0.2688061401367187
2027-04-16,call,395.0,7.05,7.3,5.0,455,0.2656628610229492
2027-04-16,call,400.0,6.2,6.45,22.0,751,0.2646863082885742
2027-04-16,call,405.0,5.3,5.7,17.0,213,0.2639844110107422
2027-04-16,call,410.0,4.65,5.0,2.0,218,0.2628857891845704
2027-04-16,call,420.0,3.6,3.95,11.0,351,0.2633130310058594
2027-04-16,call,430.0,2.79,3.05,7.0,220,0.2625195819091797
2027-04-16,call,440.0,2.1,2.25,6.0,337,0.2594068200683594
2027-04-16,call,450.0,1.52,1.67,14.0,154,0.25751474914550787
2027-04-16,call,460.0,1.17,1.27,1.0,187,0.25739268005371096
2027-04-16,call,470.0,0.86,0.95,3.0,98,0.25678233459472655
2027-04-16,call,480.0,0.63,0.72,2.0,109,0.2569654382324219
2027-04-16,call,490.0,0.46,0.55,1.0,159,0.25757578369140627
2027-04-16,call,500.0,0.24,0.49,1.0,394,0.26416751464843746
2027-04-16,put,195.0,0.44,0.49,67.0,279,0.35962554443359374
2027-04-16,put,200.0,0.48,0.57,88.0,820,0.352545537109375
2027-04-16,put,210.0,0.73,0.77,74.0,512,0.3393620751953125
2027-04-16,put,215.0,0.84,0.92,7.0,209,0.33460138061523437
2027-04-16,put,220.0,0.95,1.06,27.0,696,0.3280096496582031
2027-04-16,put,225.0,1.17,1.25,35.0,98,0.323126885986328
2027-04-16,put,230.0,1.33,1.45,5.0,135,0.317389638671875
2027-04-16,put,235.0,1.65,1.69,4.0,165,0.31214066772460936
2027-04-16,put,240.0,1.87,1.97,37.0,309,0.3071968695068359
2027-04-16,put,245.0,2.17,2.29,2.0,304,0.302314105834961
2027-04-16,put,250.0,2.52,2.65,1.0,225,0.29730927307128896
2027-04-16,put,255.0,2.97,3.1,3.0,234,0.2934640966796874
2027-04-16,put,260.0,3.45,3.55,85.0,3220,0.28815409118652335
2027-04-16,put,265.0,3.75,4.1,1.0,409,0.28385115570068353
2027-04-16,put,270.0,4.4,4.7,3.0,516,0.2791514956665039
2027-04-16,put,275.0,5.1,5.35,2.0,387,0.2740551110839844
2027-04-16,put,280.0,5.95,6.1,14.0,300,0.26935545104980463
2027-04-16,put,285.0,6.55,7.0,13.0,554,0.2656628610229492
2027-04-16,put,290.0,7.8,8.0,117.0,1043,0.26190923645019537
2027-04-16,put,295.0,8.75,8.95,6.0,1265,0.25595836822509765
2027-04-16,put,300.0,9.7,10.15,56.0,1939,0.25196060546875
2027-04-16,put,305.0,11.1,11.75,34.0,863,0.25130448410034173
2027-04-16,put,310.0,12.65,13.1,2.0,932,0.24587240951538086
2027-04-16,put,315.0,14.1,14.45,106.0,823,0.2389602471923828
2027-04-16,put,320.0,15.75,16.4,60.0,1074,0.23714446945190426
2027-04-16,put,325.0,17.65,18.45,65.0,204,0.23459627716064452
2027-04-16,put,330.0,19.7,20.5,15.0,346,0.23026282440185547
2027-04-16,put,335.0,21.95,22.4,10.0,296,0.22264876480102536
2027-04-16,put,340.0,24.35,24.8,10.0,280,0.21837634658813476
2027-04-16,put,345.0,26.8,27.45,2.0,241,0.21479056701660154
2027-04-16,put,350.0,29.55,30.3,12.0,101,0.21134211517333978
2027-04-16,put,355.0,32.45,33.95,12.0,14,0.21460746337890624
2027-04-16,put,360.0,35.65,36.55,38.0,116,0.20438417694091793
2027-04-16,put,365.0,38.9,39.95,1.0,2,0.20087469055175777
2027-04-16,put,370.0,42.3,43.95,,86,0.20275150283813476
2027-04-16,put,375.0,45.55,47.05,29.0,20,0.19068192138671874
2027-04-16,put,380.0,49.9,51.95,2.0,6,0.20157658782958982
2027-04-16,put,385.0,53.85,55.5,3.0,3,0.19080399047851562
2027-04-16,put,390.0,57.55,59.75,6.0,16,0.18845416046142577
2027-04-16,put,395.0,62.25,63.85,22.0,17,0.1803670831298828
2027-04-16,put,400.0,66.7,68.2,4.0,5,0.17389742126464847
2027-04-16,put,405.0,70.3,72.6,,2,0.1640098248291016
2027-04-16,put,410.0,75.5,77.2,1.0,41,0.1550377465820313
2027-12-17,call,5.0,0.0,0.0,1.0,0,1.0000000000000003e-05
2027-12-17,call,10.0,0.0,0.0,2.0,0,1.0000000000000003e-05
2027-12-17,call,15.0,317.3,320.95,2.0,25,1.4365262548828124
2027-12-17,call,20.0,278.0,283.0,,1,1.0000000000000003e-05
2027-12-17,call,25.0,273.5,278.5,,1,1.0000000000000003e-05
2027-12-17,call,30.0,303.2,306.9,2.0,9,1.237552640380859
2027-12-17,call,40.0,229.0,234.0,1.0,8,1.0000000000000003e-05
2027-12-17,call,45.0,255.0,259.5,1.0,17,1.0000000000000003e-05
2027-12-17,call,50.0,284.3,288.2,4.0,820,1.0667771270751956
2027-12-17,call,55.0,266.35,269.5,2.0,411,1.0000000000000003e-05
2027-12-17,call,60.0,274.85,278.55,10.0,297,0.9918213708496093
2027-12-17,call,65.0,266.45,270.4,12.0,0,0.5566450585937501
2027-12-17,call,70.0,252.25,255.5,4.0,168,1.0000000000000003e-05
2027-12-17,call,75.0,260.75,264.45,60.0,167,0.9106454248046875
2027-12-17,call,80.0,0.0,0.0,2.0,0,1.0000000000000003e-05
2027-12-17,call,85.0,251.35,255.1,26.0,435,0.8640760662841795
2027-12-17,call,90.0,246.65,250.55,30.0,157,0.8447281152343749
2027-12-17,call,95.0,242.0,245.9,8.0,156,0.8248918878173828
2027-12-17,call,100.0,237.3,240.85,1.0,383,0.7977315148925781
2027-12-17,call,105.0,232.5,236.05,2.0,102,0.7744773529052735
2027-12-17,call,110.0,227.95,231.4,26.0,237,0.7586694055175782
2027-12-17,call,115.0,223.25,226.8,4.0,385,0.7415186981201172
2027-12-17,call,120.0,0.0,0.0,4.0,0,1.0000000000000003e-05
2027-12-17,call,125.0,213.95,217.4,2.0,437,0.7070341796875
2027-12-17,call,130.0,209.3,213.0,1.0,1054,0.6942779595947266
2027-12-17,call,135.0,204.6,207.95,126.0,172,0.6729769030761721
2027-12-17,call,140.0,199.85,203.25,2.0,346,0.6559787820434572
2027-12-17,call,145.0,195.25,198.8,4.0,579,0.6438634246826171
2027-12-17,call,150.0,190.6,194.1,1.0,638,0.6285742709350587
2027-12-17,call,155.0,186.0,189.65,12.0,100,0.616611499938965
2027-12-17,call,160.0,181.4,184.7,5.0,410,0.5997964825439455
2027-12-17,call,165.0,176.9,180.25,25.0,239,0.588993367919922
2027-12-17,call,170.0,172.35,175.65,1.0,496,0.5762981823730469
2027-12-17,call,175.0,167.8,170.3,1.0,341,0.5572859213256837
2027-12-17,call,180.0,163.25,166.05,7.0,832,0.5479476358032228
2027-12-17,call,185.0,158.75,161.65,3.0,1144,0.5376327975463868
2027-12-17,call,190.0,154.25,157.45,1.0,572,0.5287827883911134
2027-12-17,call,195.0,149.65,153.0,2.0,360,0.5171862246704101
2027-12-17,call,200.0,145.2,148.25,5.0,3863,0.5045215563964844
2027-12-17,call,205.0,140.75,143.95,4.0,858,0.5164232928466796
2027-12-17,call,210.0,136.5,139.4,17.0,752,0.5037891418457032
2027-12-17,call,215.0,132.05,134.55,14.0,821,0.48752343536376963
2027-12-17,call,220.0,127.75,130.45,4.0,986,0.48055023849487305
2027-12-17,call,225.0,123.6,125.95,3.0,2013,0.46864850204467773
2027-12-17,call,230.0,119.35,122.15,10.0,1550,0.46458970474243166
2027-12-17,call,235.0,115.2,117.8,1.0,543,0.454107021484375
2027-12-17,call,240.0,110.95,113.6,2.0,742,0.4451044259643554
2027-12-17,call,245.0,107.6,109.3,2.0,581,0.43492691543579104
2027-12-17,call,250.0,104.5,105.45,4.0,3387,0.429067599029541
2027-12-17,call,255.0,98.85,101.75,1.0,535,0.42426112854003906
2027-12-17,call,260.0,94.95,97.8,2.0,2228,0.416723362121582
2027-12-17,call,265.0,91.85,93.7,5.0,589,0.4075681802368164
2027-12-17,call,270.0,87.45,90.75,8.0,2442,0.4082700775146484
2027-12-17,call,275.0,84.1,86.45,6.0,373,0.396765065612793
2027-12-17,call,280.0,81.75,82.8,3.0,2156,0.3905700592041016
2027-12-17,call,285.0,77.4,78.9,2.0,448,0.38196418823242184
2027-12-17,call,290.0,73.55,75.4,1.0,1579,0.3763032341003418
2027-12-17,call,295.0,70.9,72.55,3.0,440,0.3752961640930175
2027-12-17,call,300.0,67.35,68.75,26.0,8556,0.36644615493774413
2027-12-17,call,305.0,63.25,65.5,1.0,755,0.36142606353759765
2027-12-17,call,310.0,60.3,62.85,1.0,6422,0.3604037348937988
2027-12-17,call,315.0,57.05,59.7,1.0,728,0.3551852812194824
2027-12-17,call,320.0,54.65,56.55,13.0,4119,0.34952432708740233
2027-12-17,call,325.0,51.95,54.05,1.0,595,0.3480442393493652
2027-12-17,call,330.0,50.25,50.7,2.0,1436,0.34006397247314457
2027-12-17,call,335.0,47.0,48.55,31.0,2411,0.34001819656372073
2027-12-17,call,340.0,44.45,45.75,10.0,1977,0.33493707061767575
2027-12-17,call,345.0,42.1,43.35,1.0,773,0.3321294815063477
2027-12-17,call,350.0,39.65,40.85,8.0,2217,0.32811646011352535
2027-12-17,call,355.0,37.5,38.7,3.0,2388,0.32602602691650384
2027-12-17,call,360.0,35.8,36.4,2.0,1371,0.32237921279907217
2027-12-17,call,365.0,33.75,34.35,3.0,1607,0.31995308959960933
2027-12-17,call,370.0,31.45,32.45,2.0,1275,0.31805338935852046
2027-12-17,call,375.0,29.55,30.55,3.0,1314,0.3156501541137695
2027-12-17,call,380.0,27.85,28.7,165.0,852,0.31310196182250977
2027-12-17,call,385.0,26.0,26.65,224.0,751,0.3086159226989746
2027-12-17,call,390.0,24.4,25.1,12.0,1099,0.30716635223388666
2027-12-17,call,395.0,22.85,23.55,8.0,972,0.30522850540161134
2027-12-17,call,400.0,21.65,22.3,110.0,5805,0.30499962585449214
2027-12-17,call,405.0,20.25,20.7,4.0,523,0.3017190190124512
2027-12-17,call,410.0,18.75,19.3,2.0,268,0.29941496490478514
2027-12-17,call,415.0,17.7,18.45,1.0,177,0.3008950526428223
2027-12-17,call,420.0,16.4,17.05,2.0,1063,0.29764496307373034
2027-12-17,call,425.0,15.3,15.95,3.0,400,0.2963022030639648
2027-12-17,call,430.0,14.2,14.85,20.0,697,0.2944864253234863
2027-12-17,call,435.0,13.35,13.95,5.0,355,0.2939065971374511
2027-12-17,call,440.0,12.4,13.05,30.0,7488,0.29291478576660146
2027-12-17,call,450.0,10.75,11.4,1.0,2974,0.2910074562072753
2027-12-17,call,460.0,9.5,9.9,8.0,596,0.2888407298278808
2027-12-17,call,470.0,7.9,8.6,19.0,134,0.28705546936035153
2027-12-17,call,480.0,6.9,7.65,2.0,123,0.2876047802734374
2027-12-17,call,490.0,6.15,6.55,1.0,296,0.28504132934570303
2027-12-17,call,500.0,5.25,5.65,66.0,842,0.28337813796997063
2027-12-17,call,510.0,4.45,5.1,25.0,456,0.28519391571044916
2027-12-17,call,520.0,3.85,4.4,6.0,83,0.2837901211547851
2027-12-17,call,530.0,3.5,3.75,2.0,345,0.28174546386718746
2027-12-17,call,540.0,2.99,3.25,1.0,168,0.280982532043457
2027-12-17,call,550.0,2.65,2.81,2.0,779,0.280158565673828
2027-12-17,call,560.0,2.33,2.64,1.0,32,0.284064776611328
2027-12-17,call,570.0,1.93,2.14,1.0,67,0.2797923583984374
2027-12-17,call,580.0,1.76,1.87,1.0,21,0.27967028930664056
2027-12-17,call,590.0,1.49,1.64,1.0,77,0.2797923583984374
2027-12-17,call,600.0,1.3,1.44,51.0,588,0.27997546203613277
2027-12-17,put,5.0,0.0,1.01,10.0,41,1.9394534277343751
2027-12-17,put,20.0,0.0,0.0,19.0,0,0.500005
2027-12-17,put,25.0,0.0,0.0,230.0,0,0.500005
2027-12-17,put,30.0,0.0,0.29,1.0,174,0.860352958984375
2027-12-17,put,35.0,0.0,0.29,148.0,996,0.8027363476562499
2027-12-17,put,40.0,0.0,0.26,1.0,13,0.745119736328125
2027-12-17,put,45.0,0.0,0.27,5.0,6,0.7060576269531251
2027-12-17,put,50.0,0.0,0.08,1.0,1243,0.5937540625000001
2027-12-17,put,55.0,0.06,0.17,1.0,43,0.624027197265625
2027-12-17,put,60.0,0.01,0.18,1.0,94,0.5820354296875
2027-12-17,put,65.0,0.05,0.19,2.0,537,0.569340244140625
2027-12-17,put,70.0,0.05,0.2,5.0,213,0.5459029785156251
2027-12-17,put,75.0,0.01,0.21,1.0,90,0.51562984375
2027-12-17,put,80.0,0.1,0.19,10.0,298,0.5083056982421875
2027-12-17,put,85.0,0.1,0.26,27.0,98,0.5219774365234374
2027-12-17,put,90.0,0.1,0.3,4.0,105,0.5097705273437501
2027-12-17,put,95.0,0.1,0.22,1.0,54,0.47119669433593747
2027-12-17,put,100.0,0.1,0.27,1.0,1301,0.463872548828125
2027-12-17,put,105.0,0.11,0.42,2.0,0,0.47241738525390625
2027-12-17,put,110.0,0.12,0.34,2.0,869,0.4419001123046875
2027-12-17,put,115.0,0.15,0.52,11.0,880,0.45044494873046875
2027-12-17,put,120.0,0.33,0.4,2.0,1263,0.41797457031249996
2027-12-17,put,125.0,0.28,0.45,1.0,834,0.40869731933593745
2027-12-17,put,130.0,0.43,0.52,1.0,499,0.40161731201171874
2027-12-17,put,135.0,0.5,0.59,6.0,2947,0.3940490283203125
2027-12-17,put,140.0,0.42,0.66,3.0,3722,0.3857483300781249
2027-12-17,put,145.0,0.65,0.75,6.0,614,0.3789124609375
2027-12-17,put,150.0,0.73,0.84,1.0,923,0.3714662463378906
2027-12-17,put,155.0,0.85,0.94,1.0,1080,0.36426416992187505
2027-12-17,put,160.0,0.97,1.06,1.0,1058,0.3579165771484375
2027-12-17,put,165.0,1.1,1.19,1.0,1033,0.35156898437499995
2027-12-17,put,170.0,1.14,1.33,38.0,1036,0.3452213916015625
2027-12-17,put,175.0,1.4,1.5,11.0,1860,0.3396672479248046
2027-12-17,put,180.0,1.58,1.67,5.0,3490,0.333563793334961
2027-12-17,put,185.0,1.77,1.88,1.0,1012,0.3284368914794922
2027-12-17,put,190.0,1.96,2.11,7.0,1426,0.32330998962402335
2027-12-17,put,195.0,2.21,2.36,1.0,1828,0.3182441223144531
2027-12-17,put,200.0,2.52,2.63,70.0,5658,0.3131172204589844
2027-12-17,put,205.0,2.65,2.95,1.0,613,0.30869221588134765
2027-12-17,put,210.0,3.1,3.3,1.0,1225,0.30429772857666015
2027-12-17,put,215.0,3.45,3.7,15.0,943,0.3003304830932617
2027-12-17,put,220.0,3.9,4.1,1.0,1363,0.29566134033203123
2027-12-17,put,225.0,4.2,4.6,24.0,688,0.2922128884887695
2027-12-17,put,230.0,4.8,5.1,22.0,2703,0.2880015048217772
2027-12-17,put,235.0,5.4,5.65,2.0,680,0.28394270751953116
2027-12-17,put,240.0,5.95,6.25,1.0,1706,0.27997546203613277
2027-12-17,put,245.0,6.6,7.1,4.0,840,0.27875477111816405
2027-12-17,put,250.0,7.2,7.6,53.0,12940,0.27210200561523434
2027-12-17,put,255.0,8.1,8.6,1.0,720,0.2710949356079102
2027-12-17,put,260.0,8.85,9.3,81.0,1489,0.2657391542053223
2027-12-17,put,265.0,9.85,10.2,1.0,2396,0.26203130554199217
2027-12-17,put,270.0,10.75,11.2,2.0,1072,0.2586438882446289
2027-12-17,put,275.0,11.8,12.3,9.0,1122,0.2555463850402832
2027-12-17,put,280.0,12.95,13.45,2.0,3158,0.2521742263793946
2027-12-17,put,285.0,14.15,15.0,14.0,479,0.2516401741027832
2027-12-17,put,290.0,15.6,16.05,2.0,1599,0.2459181854248047
2027-12-17,put,295.0,16.9,17.45,1.0,1276,0.242546026763916
2027-12-17,put,300.0,18.65,19.1,265.0,2173,0.24040981765747066
2027-12-17,put,305.0,20.15,20.65,100.0,747,0.23673248626708981
2027-12-17,put,310.0,21.95,22.35,8.0,4103,0.2334518794250488
2027-12-17,put,315.0,23.75,24.2,15.0,346,0.23052222122192384
2027-12-17,put,320.0,25.65,26.1,1.0,4530,0.22718057983398435
2027-12-17,put,325.0,27.55,28.15,130.0,1067,0.22412885253906245
2027-12-17,put,330.0,29.6,30.35,10.0,269,0.22135178070068356
2027-12-17,put,335.0,31.75,32.6,41.0,78,0.21810169113159178
2027-12-17,put,340.0,34.35,35.0,28.0,2787,0.21508811042785644
2027-12-17,put,345.0,36.65,38.2,10.0,61,0.21674367248535154
2027-12-17,put,350.0,39.45,40.05,11.0,433,0.2082827585601806
2027-12-17,put,355.0,42.0,43.0,20.0,63,0.20654327400207514
2027-12-17,put,360.0,44.95,46.0,4.0,272,0.20430788375854486
2027-12-17,put,365.0,47.85,49.0,20.0,100,0.2012103805541992
2027-12-17,put,370.0,50.7,51.9,7.0,101,0.1964344273376465
2027-12-17,put,375.0,53.85,55.35,1.0,123,0.19480175323486326
2027-12-17,put,380.0,56.95,58.7,1.0,46,0.19149062911987308
2027-12-17,put,385.0,61.1,61.75,2.0,33,0.18467001861572263
2027-12-17,put,390.0,64.6,65.75,2.0,36,0.1846395013427734
2027-12-17,put,395.0,67.25,69.45,17.0,89,0.1810842390441894
2027-12-17,put,400.0,72.0,72.65,4.0,118,0.17136448760986328
2027-12-17,put,405.0,75.8,77.3,4.0,72,0.17487397399902344
2027-12-17,put,410.0,79.0,81.25,2.0,105,0.17014379669189456
2027-12-17,put,415.0,83.4,85.4,2.0,1,0.1662833616638184
2027-12-17,put,420.0,87.5,89.65,8.0,16,0.16223982299804687
2027-12-17,put,425.0,91.95,94.05,4.0,8,0.15891344024658205
2027-12-17,put,430.0,96.0,98.5,4.0,6,0.15479360839843753
2027-12-17,put,435.0,101.25,103.1,2.0,4,0.15192498474121097
2027-12-17,put,440.0,105.15,107.8,4.0,5,0.14984981018066407
2027-12-17,put,450.0,115.25,117.55,15.0,15,0.15229119201660157
2027-12-17,put,460.0,124.6,127.95,2.0,0,0.17224948852539065
2027-12-17,put,470.0,135.25,138.05,,0,0.18372398315429686
