modele,type,K,days,sigma,dividendes,prix,prix_ql,delta,delta_ql,gamma,gamma_ql,vega,vega_ql,theta,theta_ql,rho,rho_ql
spot,call,90,91,0.2,"trimestriel 0,75",10.907220692397923,10.907242565453114,0.8827617627311768,0.8827573814480334,0.021885364798679332,0.021879742252225876,9.609420124199719,9.598635681105172,-7.4718375203869805,-7.470737327977224,13.03178555723239,13.02311537090528
escrowed,call,90,91,0.2,"trimestriel 0,75",10.899615988101365,10.899888948627094,0.8836674431908008,0.8836283100522117,0.021871053471435725,0.021866691581135383,9.520198126118462,9.51666616486495,-7.407820017695476,-7.408104976998731,13.04896812990819,13.043792895904183
spot,put,90,91,0.2,"trimestriel 0,75",0.6875168313487908,0.6872509486596086,-0.13247177557550613,-0.13245125460293214,0.0217993358913647,0.02179514265985101,10.637735774321232,10.625745654592162,-3.8024675651968436,-3.801275595112912,-3.110772605624035,-3.111266871367979
escrowed,put,90,91,0.2,"trimestriel 0,75",0.6799322583640443,0.6799262465036541,-0.1316198933454325,-0.13162532186838755,0.021771089064414655,0.021766856314728987,10.553481340452386,10.547512991443575,-3.7357444353744733,-3.7343177015802276,-3.0940867565596997,-3.096029075807971
spot,call,90,91,0.4,"trimestriel 0,75",13.663605222730286,13.663904934378087,0.7403679123647964,0.7403731224662718,0.016594477169812865,0.01658969927118128,16.133695754006716,16.082348759079323,-15.690659126690127,-15.68787783571833,13.587083387794685,13.588006661572116
escrowed,call,90,91,0.4,"trimestriel 0,75",13.640628987525089,13.64157471389536,0.7410308695505309,0.7410176408933945,0.01662688348459009,0.01662060256976446,16.024571543081745,16.012546391705307,-15.522244951467911,-15.51545573553843,13.631911262674379,13.625170756987437
spot,put,90,91,0.4,"trimestriel 0,75",3.530473019676426,3.530019294064442,-0.26453987105208815,-0.2645303637966677,0.01661983988453863,0.016616372268487056,16.297095278156593,16.24614825028714,-12.09662564167251,-12.092621340760678,-6.529110678128003,-6.532716781136205
escrowed,put,90,91,0.4,"trimestriel 0,75",3.5074467614822917,3.5076144333138206,-0.2638451023432176,-0.26384830883547133,0.01664969137325435,0.016644788093411418,16.18878396400485,16.174903447140608,-11.926025348888283,-11.921145339896688,-6.519538229651678,-6.5244827652992665
spot,call,90,365,0.2,"trimestriel 0,75",13.972757804664147,13.972965157763282,0.7528747817471194,0.7528834820377984,0.016224625017836225,0.016219537664687863,30.98313926389169,31.000665771386515,-5.697535829209954,-5.6956835583973575,54.36567447434815,54.337648105900804
escrowed,call,90,365,0.2,"trimestriel 0,75",13.879164853126442,13.87847836456337,0.7558628459887604,0.7558885064464249,0.016348797968976262,0.016345479000496994,30.353545042222052,30.372170176977065,-5.548459802436366,-5.547651956464601,54.665276453690126,54.689205036158484
spot,put,90,365,0.2,"trimestriel 0,75",3.380187413566923,3.3796146415751354,-0.25904022306504104,-0.2590053842074046,0.016673353536854178,0.016668370634978773,31.750469891635568,31.76467741677915,-2.1632511014169076,-2.1616446102551277,-25.598913545796574,-25.603604255668877
escrowed,put,90,365,0.2,"trimestriel 0,75",3.28386604954553,3.282755032396516,-0.2560609988940632,-0.25603228105683923,0.016804633479738283,0.01680255587435734,31.117475904192094,31.138388820572583,-2.0103836442767236,-2.009764867013617,-25.367572261672187,-25.36409546796836
spot,call,90,365,0.4,"trimestriel 0,75",20.697743698750482,20.699198617955762,0.6874709603592095,0.6874708669851897,0.009039848346191585,0.00903665792745701,34.905801879755316,34.809621561413984,-9.154192541238615,-9.15203265334192,43.641430810597015,43.65649269979599
escrowed,call,90,365,0.4,"trimestriel 0,75",20.486558706922136,20.486095081514804,0.6894105288220571,0.6894207686784329,0.009140291489043753,0.009138430285903484,34.162903936913125,34.24374122237506,-8.82671369063054,-8.825222956833922,43.96598286725961,44.00819958750013
spot,put,90,365,0.4,"trimestriel 0,75",10.194705097586624,10.194846791642892,-0.31900645821339313,-0.3189941782350658,0.0091588791367536,0.00915598925800572,35.18476789747034,35.08933524990736,-5.643560894466049,-5.641327140403907,-36.60222417293113,-36.618102515885376
escrowed,put,90,365,0.4,"trimestriel 0,75",9.980717731637604,9.979362484255525,-0.31706572471627176,-0.3170587261039915,0.009261112594158771,0.009259937892473591,34.45112941708963,34.521584758316415,-5.3120258965265,-5.310305608983694,-36.43020497743432,-36.4396475877502
spot,call,100,91,0.2,"trimestriel 0,75",4.08783969387547,4.088512440957781,0.5309808395616304,0.531005637720612,0.04039384802838295,0.040376994741711435,19.755539927182486,19.757860828695016,-10.039172366614244,-10.036584373091827,11.630308081120422,11.631886279607428
escrowed,call,100,91,0.2,"trimestriel 0,75",4.075497877328005,4.075238197389214,0.5310255615360463,0.5310498316606904,0.04051396575911772,0.040507166902464,19.707261046929347,19.692983757837233,-9.943310131607886,-9.942146398140858,11.649066302158673,11.648105932224428
spot,put,100,91,0.2,"trimestriel 0,75",3.9285817605498434,3.928569349922059,-0.4847458510157164,-0.48469955885397814,0.04183823235433188,0.041823860856490036,19.671962726809,19.673759674673395,-6.271491959537297,-6.268639776563023,-9.974541513250834,-9.980840534260738
escrowed,put,100,91,0.2,"trimestriel 0,75",3.915553218540283,3.9148057554770226,-0.48463203750619227,-0.4846038637607796,0.04197123703074924,0.041967689250266726,19.62118816341698,19.608516863843906,-6.1741745109409685,-6.172395681703404,-9.992557759267884,-9.994539992465246
spot,call,100,91,0.4,"trimestriel 0,75",8.035408829626643,8.036750872705406,0.5448675930872208,0.5448981262649792,0.01998730209282214,0.01997982881243685,19.70467726847844,19.707515723475886,-17.84807106312178,-17.844605118379594,11.321003976731525,11.32156859645761
escrowed,call,100,91,0.4,"trimestriel 0,75",8.010275972458642,8.010451360887275,0.5449541942829861,0.5449797670461686,0.020048923057309348,0.02004441553075864,19.653295526758896,19.641999393217002,-17.660077020145234,-17.65670137521887,11.334832984733811,11.333613742379178
spot,put,100,91,0.4,"trimestriel 0,75",7.867726929174745,7.868091158849461,-0.46172251034676365,-0.4616911245807271,0.020380023522921734,0.020372833358892273,19.685859411507156,19.688543538255043,-14.1425782899687,-14.137819913090317,-10.868372441738217,-10.877036762163783
escrowed,put,100,91,0.4,"trimestriel 0,75",7.8418925852838255,7.841248620172567,-0.4616016701462898,-0.4615807314772208,0.020443558312476694,0.020439433916074317,19.63336582636881,19.622768171862504,-13.951582981613583,-13.94686002711233,-10.883780751124839,-10.889293088074403
spot,call,100,365,0.2,"trimestriel 0,75",8.338552785387327,8.33994824754109,0.5620479144660676,0.5620816116021967,0.020135136686696548,0.02012687533046662,38.767542694498225,38.77113759024859,-5.941681618052641,-5.941776274443256,43.69631347124869,43.676764461560325
escrowed,call,100,365,0.2,"trimestriel 0,75",8.227035205261497,8.22638654932821,0.5625655829377145,0.5625902294657493,0.020421236888616797,0.020417781661266045,38.170560713493714,38.20583044416033,-5.768595502681466,-5.768002857585373,43.79563315466495,43.839530216001066
spot,put,100,365,0.2,"trimestriel 0,75",7.538559945059065,7.538587073051755,-0.45437382459351355,-0.4543119634189699,0.02074004316501166,0.020733841192836448,38.81690293341733,38.821660372242796,-2.028893988088143,-2.0297388735901456,-42.588122853219446,-42.60029574393798
escrowed,put,100,365,0.2,"trimestriel 0,75",7.423963765208598,7.422746186081176,-0.4539008606587776,-0.45389090323176357,0.021040776855380354,0.02104024483051062,38.23234552767145,38.254276880409584,-1.8514936985873187,-1.8509187551059991,-42.66753018653757,-42.66271387388265
spot,call,100,365,0.4,"trimestriel 0,75",16.049673748053678,16.052827078392543,0.5896480665086768,0.5896683338282649,0.009903718558827195,0.00989925270638658,38.26006849397947,38.26505594844418,-9.639944622463759,-9.637223022640597,39.65196867678955,39.688335575116085
escrowed,call,100,365,0.4,"trimestriel 0,75",15.828055163679187,15.826813897308519,0.5902149041236299,0.5902283393158327,0.010040744658943803,0.010039369336596424,37.73806488488693,37.7123047933182,-9.294885231061556,-9.293169882624062,39.93132488304063,39.92487377905718
spot,put,100,365,0.4,"trimestriel 0,75",15.264887492343707,15.266216171845368,-0.4180950521909798,-0.41806441057082566,0.010072306437879987,0.01006847841300634,38.35287833123937,38.355821174675064,-5.77515952810792,-5.771420201984925,-47.425760970117636,-47.44986331871104
escrowed,put,100,365,0.4,"trimestriel 0,75",15.039575063367453,15.037380475561314,-0.4175251101318531,-0.41752410547547575,0.010212694527389756,0.010212201688389778,37.82394229063639,37.79996552270992,-5.424972798097742,-5.42349673318788,-47.43884421585598,-47.44941229458011
spot,call,110,91,0.2,"trimestriel 0,75",0.995480265327176,0.9954350169793857,0.19030215091462646,0.1903272612261633,0.027317099620117503,0.02731689845263378,13.497457814395041,13.498829372795951,-6.184801563134744,-6.18447788086165,4.472676200514503,4.473237148519826
escrowed,call,110,91,0.2,"trimestriel 0,75",0.9861913971452838,0.986642291213045,0.1894553664639231,0.18953125771497417,0.02734227789338061,0.02734169239358662,13.403422394109382,13.41747823928332,-6.105458594095578,-6.105422621589369,4.45275373324594,4.45489425588369
spot,put,110,91,0.2,"trimestriel 0,75",10.972390162084938,10.971851534051074,-0.838028504548044,-0.8380252153452712,0.02758829449736267,0.027591161833408113,11.884187602736063,11.882594914253719,-1.726618907986413,-1.7253208098438355,-13.627973138964578,-13.630736263162468
escrowed,put,110,91,0.2,"trimestriel 0,75",10.963055607739006,10.962999155597707,-0.8389710247224146,-0.8389550688329208,0.027616484009637964,0.02762350383347749,11.786967639901746,11.79313645619846,-1.64668110699687,-1.646625377858908,-13.646415579869675,-13.644846697053126
spot,call,110,91,0.4,"trimestriel 0,75",4.351354039047094,4.351023858077701,0.3580852440887675,0.3581056413300127,0.018778519630101298,0.01877672984988352,18.639556570656122,18.569116517075688,-16.281264852340662,-16.28049194975817,7.793179489382851,7.793294942816331
escrowed,call,110,91,0.4,"trimestriel 0,75",4.327459236876551,4.32674446064018,0.3575961004401653,0.3576070293119948,0.01883378594912495,0.01883271707859492,18.504106235274385,18.496393288436952,-16.100298347589913,-16.099222190126724,7.784405031812991,7.784566735818732
spot,put,110,91,0.4,"trimestriel 0,75",14.178221993992864,14.177112804204736,-0.6529245007399967,-0.6529127880452198,0.019291040041006055,0.01928944409942981,18.314153926653187,18.252372929855554,-12.25414961803883,-12.251525797736797,-14.310537709668836,-14.315385361091337
escrowed,put,110,91,0.4,"trimestriel 0,75",14.15360248075879,14.152163025141553,-0.6534167429450314,-0.6534215786002092,0.019351042332524163,0.019350862049994443,18.18846019361322,18.178883337775886,-12.070831603600348,-12.068535365882672,-14.337864713026782,-14.340898539777491
spot,call,110,365,0.2,"trimestriel 0,75",4.593637902119467,4.593841098137313,0.3752720662850595,0.37530825323267153,0.019302049890067608,0.019298318434448538,37.32950406008011,37.34128294024872,-5.177746903547664,-5.177780785933739,30.87314606715541,30.866904339185375
escrowed,call,110,365,0.2,"trimestriel 0,75",4.486818833307955,4.48796732047851,0.3731487753819822,0.3732187646126683,0.019560752068129496,0.0195551232699629,36.740519193121465,36.72760474191481,-4.998408788499195,-4.9976820312925625,30.779282608979663,30.77725463625347
spot,put,110,365,0.2,"trimestriel 0,75",13.651247738070683,13.650298517324767,-0.650005929481543,-0.6499699129277795,0.02036909221523103,0.020367500362522564,35.986073852595446,35.98996128109641,-0.9276479441346908,-0.9283290470810224,-53.783189997106184,-53.787697759777764
escrowed,put,110,365,0.2,"trimestriel 0,75",13.543097610227965,13.54332888362117,-0.6524473750085431,-0.6524148944199202,0.02067574448464827,0.02067339508376102,35.36975673793883,35.351879822272636,-0.7437491390725985,-0.7431751365301276,-53.97845341732932,-53.99410839362062
spot,call,110,365,0.4,"trimestriel 0,75",12.347086642537416,12.347118017145862,0.4961225384734844,0.49613491818880895,0.010140313211470447,0.010138179104098182,39.2208368847009,39.290405941942375,-9.603225083180789,-9.601785620998138,35.013060026027,35.02037413286896
escrowed,call,110,365,0.4,"trimestriel 0,75",12.120310623891942,12.12243397395155,0.49529416136881343,0.495342299213937,0.010292763112970534,0.010289330039248331,38.71137483585007,38.71106765649239,-9.253438763979595,-9.250259739763388,35.12159743284027,35.12533124254347
spot,put,110,365,0.4,"trimestriel 0,75",21.298579188510164,21.29693665346434,-0.5139068572572298,-0.5138955788496216,0.010392430695047453,0.010390976877324598,39.06751135596345,39.122428163816814,-5.40666222456565,-5.405361676552429,-56.846315612212095,-56.86009323539487
escrowed,put,110,365,0.4,"trimestriel 0,75",21.068540349579017,21.06909243082141,-0.514777879612781,-0.514745482198233,0.010551623646749627,0.010549481394577297,38.53066746894438,38.537452957662666,-5.050221264778174,-5.048019567443349,-56.97907563165927,-57.00505074739759
spot,call,90,91,0.2,"semestriel 2,5",11.193280616223047,11.193403028063178,0.899064781424624,0.8990566175358863,0.019234225703744348,0.019232098370267944,8.335095352973365,8.332013700464547,-6.99538074894936,-6.994047423141594,16.23449852691916,16.23848834658226
escrowed,call,90,91,0.2,"semestriel 2,5",11.152307518388918,11.152765474281395,0.9046727347934966,0.9046193546420401,0.018909406943034907,0.018909738576723345,7.805984173748026,7.809749236601871,-6.769266950633154,-6.769631842145598,16.352639667793767,16.359845109381155
spot,put,90,91,0.2,"semestriel 2,5",0.994718519154888,0.9943565592994517,-0.17746034202660738,-0.17743613391403634,0.026312602058127417,0.026308019718737915,12.916623035376507,12.902940475781731,-4.512875631269619,-4.51087454173431,-4.290909950588784,-4.291776392014667
escrowed,put,90,91,0.2,"semestriel 2,5",0.9391737275849337,0.9392623891622534,-0.17237284316166537,-0.17238677009037326,0.02637166455438894,0.02636625452959774,12.413175649961556,12.411847347321919,-4.288944812961563,-4.287300171290402,-4.176281752401089,-4.176157567127636
spot,call,90,91,0.4,"semestriel 2,5",13.714233614344126,13.714571709924748,0.7557854267245536,0.755772381241637,0.0167223816367936,0.016718104427413494,15.211476805577995,15.192699498935625,-15.852628982420786,-15.85418768353839,12.97075202281217,12.988535478651642
escrowed,call,90,91,0.4,"semestriel 2,5",13.57086765256199,13.571289046754336,0.760439536710951,0.7604168458084508,0.016942236324535936,0.01693797927764903,14.694722871096655,14.71259341144453,-15.38904848895811,-15.38552240362247,13.10759552882157,13.116065149577416
spot,put,90,91,0.4,"semestriel 2,5",4.1289629869300715,4.128494063685518,-0.2959629679912422,-0.2959558515264746,0.01745239155640652,0.017449046421635056,17.215164634710444,17.163198369692356,-12.613041165545528,-12.612182222719971,-7.659272265879924,-7.662865592840795
escrowed,put,90,91,0.4,"semestriel 2,5",3.9806006133902545,3.980975828790762,-0.2924842206230361,-0.2924925365412244,0.017719664071202065,0.01771444098712652,16.731205729208988,16.724285507553006,-12.152433153754558,-12.147668480612838,-7.570949404969385,-7.572276208045681
spot,call,90,365,0.2,"semestriel 2,5",13.080663465181791,13.080680958734586,0.7528662201335543,0.7528613961650074,0.01892460373681388,0.018915726866758683,29.69845287420414,29.718779470477052,-6.273177313076417,-6.275910842301036,41.274299316704344,41.19300258033576
escrowed,call,90,365,0.2,"semestriel 2,5",12.920821955798093,12.921236641020378,0.7583775411380674,0.758377606335431,0.019337020269013527,0.01932593632202732,28.644871972021058,28.663450625878895,-6.013638482683284,-6.011720054536545,41.65175694246592,41.639756339885814
spot,put,90,365,0.2,"semestriel 2,5",4.042146182540415,4.041197386339147,-0.3003649717636467,-0.30032162414073515,0.01839611427774477,0.018391659629007667,33.587778999823236,33.601390065766765,-2.3160191971189903,-2.3151937805422373,-27.862721227273735,-27.868096054003644
escrowed,put,90,365,0.2,"semestriel 2,5",3.8771553441194198,3.876421299552287,-0.296062769653572,-0.29603429587989294,0.018703254209680505,0.01869971846706252,32.614530331959514,32.63947345646867,-2.042936393589777,-2.041440403317447,-27.55401750333064,-27.56414232571025
spot,call,90,365,0.4,"semestriel 2,5",19.712208296517936,19.713063804378777,0.6780347082137185,0.6780407321214713,0.009562156882533587,0.009558988280468245,34.702875907341735,34.59494962844918,-9.573733221785119,-9.569235655694417,39.289894170989825,39.20148943187307
escrowed,call,90,365,0.4,"semestriel 2,5",19.365802721115667,19.36677888169727,0.6809771791316078,0.6809858283329443,0.00975247361323117,0.009749478102770211,33.618434103544104,33.71299506949885,-9.00422594597972,-8.999998739194135,39.696839800759776,39.82386118364012
spot,put,90,365,0.4,"semestriel 2,5",11.04602349741423,11.045316607370507,-0.3418295966654548,-0.34180479020804677,0.009615519737978803,0.009613025381763842,35.66141506496807,35.570475904862064,-5.883540800187603,-5.8813031119617465,-37.2090951402404,-37.2236363430396
escrowed,put,90,365,0.4,"semestriel 2,5",10.69742760293479,10.696926147590466,-0.33901569879260635,-0.3390006403646129,0.009803920038915238,0.009801965248382085,34.608834642880026,34.679993051791854,-5.308130964347104,-5.3050757908720625,-36.956230346709695,-36.97689288360628
spot,call,100,91,0.2,"semestriel 2,5",4.107063627703307,4.107262185309564,0.552373350665715,0.5523823070595067,0.04269424185361252,0.04268066730733255,18.873256078576507,18.874997341293565,-10.584051685691701,-10.583553595205068,10.701316515548953,10.704944028822716
escrowed,call,100,91,0.2,"semestriel 2,5",4.020128819464216,4.019907568995424,0.5531415237260487,0.5531614839553931,0.043718816962827214,0.04370914918191649,18.45884590947364,18.44822630697045,-10.367282731642264,-10.363079708434293,10.740102086639336,10.743057647515375
spot,put,100,91,0.2,"semestriel 2,5",4.84326120680842,4.843314830050425,-0.5460132440101143,-0.5459717549996891,0.04027425799176199,0.04026270240835014,19.662436807503347,19.664553677332286,-5.677039582646783,-5.675951738257578,-13.02156273051347,-13.027840572794158
escrowed,put,100,91,0.2,"semestriel 2,5",4.7624854249918505,4.7618509129993924,-0.547253332512477,-0.5472504438522406,0.04111518048922832,0.04111317949315258,19.27796621579909,19.249947093305053,-5.440763821001388,-5.439764446451127,-13.054940468078868,-13.055563044094054
spot,call,100,91,0.4,"semestriel 2,5",7.931786236407247,7.932827197553017,0.5528593807378729,0.5528679501622819,0.020885978490162185,0.02087753615027498,19.296735205967906,19.27361472304847,-18.60313188385921,-18.59242176663304,10.146514549442376,10.13036835129899
escrowed,call,100,91,0.4,"semestriel 2,5",7.761834004795742,7.761793176964048,0.5531827612563465,0.5531926299798782,0.021366019498903266,0.021360321861970368,18.901654068713647,18.861351198265684,-18.158113896476426,-18.15181736140884,10.193650026256051,10.182950160118498
spot,put,100,91,0.4,"semestriel 2,5",8.799065630364343,8.799553248117236,-0.49309476632848326,-0.49306714693384274,0.020173211418354754,0.020166552599572934,19.8130938961806,19.81533147792165,-13.814383504139755,-13.810522258575855,-12.891083777009094,-12.898804535925734
escrowed,put,100,91,0.4,"semestriel 2,5",8.636428649632416,8.635823781844016,-0.493596194602223,-0.493587847253105,0.020599288343768674,0.02059603953531015,19.438910877377502,19.406399994927348,-13.352643390703944,-13.34923945491747,-12.893385567005033,-12.897169296385513
spot,call,100,365,0.2,"semestriel 2,5",7.534173665623197,7.535543937585919,0.5391887467138647,0.5392254257319119,0.02142443158126693,0.021414904695868694,38.18052005241115,38.178460976775504,-6.1402757566364485,-6.14110018111974,37.7014575742538,37.586482662537165
escrowed,call,100,365,0.2,"semestriel 2,5",7.349357905970603,7.348912650111869,0.5392482171083894,0.5392881965959172,0.021960412296926204,0.021956975785167678,37.36136489684614,37.292714456417286,-5.834381448042608,-5.832680029949664,38.01376997555117,37.89584441608973
spot,put,100,365,0.2,"semestriel 2,5",8.669985721984348,8.669662083501983,-0.5032129079097373,-0.5031529909504077,0.02128302618928341,0.021277532078052514,38.46241406459381,38.46535856073112,-1.8968715112794854,-1.8954692456773925,-46.09913774201768,-46.112721274796264
escrowed,put,100,365,0.2,"semestriel 2,5",8.485708921384001,8.484350321887458,-0.5036435772412493,-0.5036418878257862,0.021819557601251337,0.02182035474569186,37.61011013051787,37.55960567355112,-1.5918036953451762,-1.5903334717693873,-46.185182819428405,-46.18076650494096
spot,call,100,365,0.4,"semestriel 2,5",15.161485044004747,15.163900299360026,0.5759011808311773,0.5759277290892084,0.010291344740707073,0.010287235864617295,37.96135107516649,37.954780094985985,-9.930598105194477,-9.925041901371205,36.411385398381846,36.32120801585437
escrowed,call,100,365,0.4,"semestriel 2,5",14.801567750399778,14.80159136112909,0.5764174638741659,0.5764422417561613,0.01053351309187343,0.010531224725489733,37.143229931416144,37.08484753131431,-9.333553401900712,-9.334255848446892,36.718125201544716,36.74548612359363
spot,put,100,365,0.4,"semestriel 2,5",16.35796927791794,16.358267676506134,-0.44226881704390986,-0.4422285937769048,0.01036654484915469,0.010363581606737341,38.247107536090574,38.25138582092826,-5.870138925917701,-5.865388329143286,-48.70222212618813,-48.719639187849495
escrowed,put,100,365,0.4,"semestriel 2,5",15.99526340770746,15.993667277011532,-0.44183391235190345,-0.44182511061074503,0.010614186005809084,0.010613511045900187,37.420373439001416,37.36348355169356,-5.271076200121071,-5.268348819049131,-48.64821093233562,-48.663631285611686
spot,call,110,91,0.2,"semestriel 2,5",0.9229331038076611,0.9231007231820728,0.18669131260517174,0.186742798081276,0.02863428279641038,0.02863357452926192,12.95937525388316,12.952811213258524,-6.436696126741648,-6.432395909502093,3.8246909708953836,3.8200088574620317
escrowed,call,110,91,0.2,"semestriel 2,5",0.867293974857211,0.867642424901416,0.1809699689908382,0.18103670829048799,0.028745568856473554,0.028744343738589615,12.422732871907238,12.429153411544686,-6.156725368343762,-6.157002983625286,3.7107659565718265,3.71552873528741
spot,put,110,91,0.2,"semestriel 2,5",12.268508153436834,12.268111527243263,-0.8562626935018716,-0.8562478622552451,0.023152553627378177,0.023154375754437562,11.221413294930027,11.220838613785666,-0.7146904794959712,-0.7136941319315016,-20.64676042342839,-20.652012450987023
escrowed,put,110,91,0.2,"semestriel 2,5",12.223346264844883,12.223595014825229,-0.8613786512750472,-0.861349135030958,0.023097038958032435,0.023099871667658704,10.719940530023564,10.717795205334646,-0.4586904734814608,-0.4586423332565692,-20.749550782590553,-20.747281767956594
spot,call,110,91,0.4,"semestriel 2,5",4.199252058619613,4.198999099941838,0.3566939112899873,0.35671248991748583,0.019517244086675302,0.01951389596264869,18.304923875769095,18.277477991264266,-16.872769307388037,-16.879873035766973,6.893418510089511,6.884106195251594
escrowed,call,110,91,0.4,"semestriel 2,5",4.046854527555412,4.046193595313643,0.352916983169857,0.3529223549734643,0.019884677984597577,0.019882359104930976,17.824091564605315,17.820619725658627,-16.37860193637214,-16.37827446171951,6.839451417322895,6.8442401512354145
spot,put,110,91,0.4,"semestriel 2,5",15.360246874981009,15.359293924488881,-0.6749001010692087,-0.6748925512026256,0.018228989015830324,0.018227468435978184,17.940678736274318,17.879959999307093,-11.269315901078024,-11.270965626677185,-17.98261796368017,-17.988401954956323
escrowed,put,110,91,0.4,"semestriel 2,5",15.218394399768222,15.217314728495696,-0.6787728925495121,-0.6787892494286983,0.018532081045891685,0.018531665506297187,17.41627084276134,17.417385641684202,-10.77586562216646,-10.774244336414641,-18.05665346085039,-18.056409559415343
spot,call,110,365,0.2,"semestriel 2,5",4.017199884017317,4.017181373391287,0.3467815483679711,0.3468261466224946,0.01946214340306055,0.019459674994881805,35.74047181029991,35.74429358886437,-5.118858970257989,-5.11937975071284,26.583559625612985,26.659672419844902
escrowed,call,110,365,0.2,"semestriel 2,5",3.852581616567226,3.852484723533571,0.34256279275308804,0.3426072468575708,0.019854118252830087,0.01985212885810263,34.778830020067716,34.736647470477735,-4.8065952012659485,-4.8070001354791,26.60922461266546,26.540706119082323
spot,put,110,365,0.2,"semestriel 2,5",15.19224017478609,15.190912081270401,-0.6894279755277655,-0.6893999905080389,0.01900515347380349,0.01900505196342138,33.93985771982582,33.944427186859905,-0.4355302008569595,-0.4357467128972736,-63.19059669012006,-63.194158045506654
escrowed,put,110,365,0.2,"semestriel 2,5",15.031341524714328,15.030697395338011,-0.6940885731341764,-0.6941209181869911,0.01939484431033089,0.01939676250325887,32.91686221356702,32.882198392718195,-0.12969226752912297,-0.12796221574096212,-63.53135482753025,-63.51509822776791
spot,call,110,365,0.4,"semestriel 2,5",11.583425564021246,11.582778251730906,0.480313945725071,0.4803340787669786,0.01037575681643389,0.010373989631869139,38.64907489842837,38.71269832469739,-9.758899233716534,-9.761399611579055,32.29796450650202,32.322345720618095
escrowed,call,110,365,0.4,"semestriel 2,5",11.227257217776545,11.22753574338648,0.47859828664322973,0.47862687325967684,0.010626638574062514,0.010624306238857024,37.667505937500856,37.79347814693325,-9.152610844463803,-9.15267343502598,32.52373934041408,32.52630171750148
spot,put,110,365,0.4,"semestriel 2,5",22.60823960812697,22.605759379537226,-0.5371088657481047,-0.5370932356682077,0.010459101243287696,0.010458293091131268,38.438497902575364,38.48800273721782,-5.314803530851009,-5.314350356821924,-60.03814283227982,-60.0541774651866
escrowed,put,110,365,0.4,"semestriel 2,5",22.24943607730396,22.248144615351077,-0.538982254041571,-0.5389779956123075,0.010721003826876786,0.01072063259638428,37.437081631040314,37.54513072386043,-4.70957484467882,-4.707159495505717,-60.16633820877004,-60.15773177109551
spot,call,90,91,0.2,gros dividende 5,10.24044571927993,10.240198486055425,0.9768199331149218,0.9768126370322863,0.011125741158249061,0.011131290740088671,1.74428972229288,1.7404349358774773,-5.72282295268204,-5.723632201379947,4.983540197868841,4.989728897762724
escrowed,call,90,91,0.2,gros dividende 5,10.228819564786324,10.228594824462009,0.9816187236765042,0.9816047900420939,0.009631454909079021,0.009641347728518141,1.385066811579616,1.3796762630091663,-5.256214723684577,-5.258169498853804,4.978085763200468,4.979038831210758
spot,put,90,91,0.2,gros dividende 5,1.5079642213857296,1.5074299174848105,-0.252749151471277,-0.2527151098004899,0.03403575104232423,0.03402956221820869,15.289748771077916,15.273895007225335,-5.735815549044326,-5.733707477398816,-5.475532403258931,-5.476303224072554
escrowed,put,90,91,0.2,gros dividende 5,1.4709118358174422,1.4707218012372716,-0.25001917469686713,-0.25000191289722323,0.03419971221574936,0.034190572480596954,15.032176692133914,15.020878622761312,-5.115540925136443,-5.113163255859735,-5.449209169627101,-5.452773749673234
spot,call,90,91,0.4,gros dividende 5,11.726696044430597,11.726194484083067,0.7779870617405623,0.7779462355184367,0.024627402219133693,0.02461546282867939,12.348416074568824,12.319565543096545,-22.345020025211895,-22.314276917332997,7.2276893837583955,7.046153465760874
escrowed,call,90,91,0.4,gros dividende 5,11.61736019211918,11.617630392341121,0.7829090983355911,0.7828377814586284,0.025341725381829758,0.025322316050910426,11.945987112493306,11.960809237582204,-20.96809226185991,-20.953153832992587,7.154536197181649,7.154023651628094
spot,put,90,91,0.4,gros dividende 5,4.870776718803536,4.87011809126783,-0.3426975004610264,-0.34268386993977884,0.0194352498416649,0.019431477480352538,17.647138208355393,17.59366170334884,-13.982732513091555,-13.97814317169756,-7.979286120833429,-7.983365250860519
escrowed,put,90,91,0.4,gros dividende 5,4.785983613111905,4.785980365809063,-0.3408564809461632,-0.3408463082501421,0.019603110934665983,0.019597185336914093,17.338154648044313,17.366582664258033,-12.601985401087836,-12.596631588748659,-7.981438526631468,-7.98822158022805
spot,call,90,365,0.2,gros dividende 5,12.308246813119364,12.308520789724383,0.719325974528488,0.719414522284238,0.019669543363158484,0.019674877173035392,31.867516871612445,31.88817890082367,-6.3188976151025145,-6.319759114027654,53.92060213034178,53.95145693826198
escrowed,call,90,365,0.2,gros dividende 5,12.286697183694367,12.287526504116208,0.7192440545761826,0.7192423727218032,0.019518624658546042,0.01950193178113566,31.830208682751593,31.849883859844663,-5.90945345481392,-5.904626788155634,54.38499217522619,54.390360988083586
spot,put,90,365,0.2,gros dividende 5,3.9800231542914855,3.9787499087033757,-0.3070687537538632,-0.30701055182661297,0.02000823416160066,0.02000341513353998,32.90416563142673,32.91650649385613,-2.6141097935297175,-2.6124591934664263,-24.779299270620612,-24.784126249116632
escrowed,put,90,365,0.2,gros dividende 5,3.957895608589457,3.9572208543656373,-0.3063028448050117,-0.30624734585938823,0.020025981737554054,0.020018465227670895,32.79282992936259,32.79815982004117,-2.2319409134471138,-2.230050832581787,-24.795940530613958,-24.807140914547386
spot,call,90,365,0.4,gros dividende 5,19.08609240826456,19.087455468124425,0.6679160915566524,0.6679610293626258,0.00953252499312685,0.009530607721404403,34.6822428985508,34.57958961329144,-9.5345965828173,-9.533218356735595,44.595913669677856,44.596162349062496
escrowed,call,90,365,0.4,gros dividende 5,19.044083773491103,19.046362239926484,0.6683809112230772,0.6684254567097662,0.009550953900839178,0.0095486142309944,34.43666565942358,34.475207216298465,-8.809469895907359,-8.807513606881976,44.64486286670066,44.64192937406786
spot,put,90,365,0.4,gros dividende 5,10.835736871503219,10.834461421772719,-0.345175437290322,-0.3451442058649048,0.010155042817244324,0.010152422180226117,34.90496761370547,34.81337278443153,-6.310205250949608,-6.3071184475827335,-33.58033742188926,-33.59666210939238
escrowed,put,90,365,0.4,gros dividende 5,10.791097943596444,10.790667802512726,-0.3446075206686079,-0.34457227050436323,0.010169296116373296,0.010166121811537384,34.68324951372335,34.707442767631576,-5.534126128886503,-5.530483874526886,-33.617751305743404,-33.63833307838071
spot,call,100,91,0.2,gros dividende 5,2.6111101517354034,2.6108775321891438,0.48448733789028814,0.48441614787861775,0.06631870060877344,0.06627495659899207,16.21208808819805,16.196405688461212,-15.0972266524278,-15.077311382561723,5.785862655750984,5.697074971693361
escrowed,call,100,91,0.2,gros dividende 5,2.540562962671214,2.539420193036153,0.4810069429135643,0.48092884127503127,0.06850427115660226,0.06848647854455252,15.98387362650635,15.972194360916635,-14.190262255621972,-14.187771939337187,5.804287919400908,5.801142398253578
spot,put,100,91,0.2,gros dividende 5,6.414407346526921,6.414189864757818,-0.6681637298976107,-0.6680943480056496,0.042213970388917665,0.042206563929443254,17.08570923350141,17.087285196760416,-5.513530717252093,-5.512457691471098,-11.006376848283761,-11.013517796309547
escrowed,put,100,91,0.2,gros dividende 5,6.36985578009467,6.369007239480359,-0.6696401062074628,-0.669629901525882,0.04272580984100868,0.04272817633765825,16.84782806127285,16.846764724742112,-4.780402563362388,-4.779106769679704,-11.150950112107871,-11.152481533866165
spot,call,100,91,0.4,gros dividende 5,6.124593643404138,6.125664924542157,0.49063539187480515,0.4906662565520163,0.025755578994929487,0.025738845568827377,18.385995377118824,18.3937588058523,-22.322243624227013,-22.301498644433902,7.970143685949171,8.013131452064837
escrowed,call,100,91,0.4,gros dividende 5,6.017099296098913,6.016202501848729,0.4879432284663303,0.4878987064183134,0.026084173077828527,0.02607293649978424,18.25071274491905,18.215152555317047,-20.548410926964127,-20.533125561575755,8.13431463195835,8.156451519198082
spot,put,100,91,0.4,gros dividende 5,10.081535295638215,10.081716367133533,-0.5510279069718196,-0.5509811914276962,0.02133173597593367,0.021324630728710377,18.905335588043393,18.9070368834372,-14.458180017677446,-14.448322729216624,-11.88585014364385,-11.895247288254751
escrowed,put,100,91,0.4,gros dividende 5,9.9913998310469,9.990287772029102,-0.5514337805893526,-0.5514156121334346,0.021571308955142008,0.02156837045726074,18.726193387810852,18.679981355758812,-12.972835891982614,-12.968979423413964,-11.991643031152854,-11.997143472354033
spot,call,100,365,0.2,gros dividende 5,7.109947607704073,7.111251531395167,0.517503439992587,0.5175599749092554,0.0209218572225615,0.020914225424043868,37.973931275745755,37.977787118450564,-5.969988142505045,-5.967487877064041,42.22232408486759,42.22474642225649
escrowed,call,100,365,0.2,gros dividende 5,7.089044474444717,7.088789122986626,0.5175673603952079,0.5176127431796497,0.020978081556097213,0.02097517020523696,37.95271101012649,37.86712173161493,-5.574131526245029,-5.573798639415908,42.22861174873671,42.23031916779129
spot,put,100,365,0.2,gros dividende 5,8.807821105498679,8.80667644126346,-0.537817684853026,-0.5377173957250687,0.02550163775531444,0.025493121541170782,36.29071630850573,36.29278115360037,-2.5966513915243183,-2.5925204947180935,-35.04543817177552,-35.06628765477693
escrowed,put,100,365,0.2,gros dividende 5,8.781316907519278,8.779280170856445,-0.5374097014362095,-0.5373373242372762,0.02554115734816954,0.02553700908110152,36.24803635668927,36.196169485466356,-2.110265481529367,-2.108444103083764,-35.23104842270808,-35.24047504250216
spot,call,100,365,0.4,gros dividende 5,14.659965848086733,14.662585940477024,0.5680806646263101,0.5681374063869398,0.01031957514527022,0.010316661467060924,37.44926032494708,37.45403300699852,-9.941961848454639,-9.939461535050288,39.51263855772602,39.513409128605126
escrowed,call,100,365,0.4,gros dividende 5,14.617441282028476,14.61820904428787,0.5682877978528063,0.5683360705131263,0.01034549978843615,0.01034386542248246,37.42391334472321,37.347416900599924,-9.15997742477585,-9.158528501974205,39.53381086449692,39.53360190305055
spot,put,100,365,0.4,gros dividende 5,16.22467148563715,16.22410902281267,-0.4525959306603666,-0.452541792021778,0.011227283250318913,0.01122403588138157,37.24503515820805,37.248011784749835,-6.522781076057527,-6.51867556178316,-41.82679555384006,-41.853802764162396
escrowed,put,100,365,0.4,gros dividende 5,16.17770052737639,16.175792456695643,-0.452242126025777,-0.4522004419828169,0.011248065176807731,0.011245889541955035,37.20313659348422,37.14229581526869,-5.6671945886149135,-5.663962144026469,-41.94629907748926,-41.96436409292126
spot,call,110,91,0.2,gros dividende 5,0.421304128382568,0.42137260827764983,0.09826950223362317,0.09831106901879316,0.018914762004499812,0.018923624269019626,8.263701726340877,8.263841263029132,-4.159172261075943,-4.161542035104836,2.1813971772532414,2.1810846473929724
escrowed,call,110,91,0.2,gros dividende 5,0.40156381574364974,0.40169945906552457,0.09509807391583329,0.09515033173374572,0.018501367328733052,0.01851161866354657,7.976074303243336,7.981059884376923,-3.704591860045013,-3.7070771238778897,2.128296341434993,2.130392080994581
spot,put,110,91,0.2,gros dividende 5,14.894119626280062,14.893957308045039,-0.9458437585463735,-0.9458739496541252,0.015911939607360155,0.015917248285849138,4.869534310711021,4.864056476176426,1.1967803453206316,1.1964638801372685,-8.444758712363942,-8.440066588118356
escrowed,put,110,91,0.2,gros dividende 5,14.8772962475861,14.87745223809597,-0.9493464302513926,-0.9494255903428749,0.015671027762348622,0.015676916668967575,4.529108337214716,4.520605510152986,1.563232264366777,1.5642564478292975,-8.395266777612598,-8.3795009089771
spot,call,110,91,0.4,gros dividende 5,3.06183906151148,3.061509109440881,0.2852994977416136,0.2853207734927677,0.018437257129220928,0.018436343825799385,16.29986091884168,16.239734415241756,-15.768688434744192,-15.769680255234315,5.853299141372892,5.8630764546228065
escrowed,call,110,91,0.4,gros dividende 5,2.984483119577852,2.9839937561936174,0.28222673126357245,0.28224617990725803,0.018457592035875842,0.018458968375913834,15.920713977389145,15.967518704401051,-14.339127010284916,-14.340727777127297,5.83757777581928,5.848653464237241
spot,put,110,91,0.4,gros dividende 5,17.19470870407119,17.193608317909085,-0.7343280162424526,-0.7343162768122136,0.018467652461922092,0.018466630280041186,15.625898040233821,15.575892206801178,-11.149156956307333,-11.146667226262439,-13.7629763331919,-13.768354333834054
escrowed,put,110,91,0.4,gros dividende 5,17.116555252406755,17.115277331099986,-0.7366227109914386,-0.7366243579293974,0.01865204676583004,0.018652721495613145,15.267674715048862,15.303881520666351,-9.838853380001513,-9.836542387305043,-13.923663656104424,-13.927365553326965
spot,call,110,365,0.2,gros dividende 5,3.778259282330158,3.7780231148786685,0.33314402368981866,0.33318715179196756,0.019072300702178427,0.019071278916223202,34.62607338342165,34.63910220793991,-4.99589770532749,-4.995869637802443,27.98566407844527,27.98861693555765
escrowed,call,110,365,0.2,gros dividende 5,3.757930432585692,3.7575529331663846,0.3326871291657311,0.3327213332481126,0.019122246440305853,0.0191214610072592,34.53432095752969,34.50934661040503,-4.6327900979799645,-4.632774040806408,27.94179565349286,27.94518097916887
spot,put,110,365,0.2,gros dividende 5,15.904221475778813,15.901867558218655,-0.7759541881900885,-0.7759110189176733,0.025987847441786484,0.025992226521949324,25.468334034906714,25.46874066257221,-1.4574657619270681,-1.4564052407721562,-31.145779598192647,-31.15849584937802
escrowed,put,110,365,0.2,gros dividende 5,15.876312373049595,15.873870670714131,-0.7763916327073663,-0.7764013278564448,0.02619915217594516,0.026222416427630832,25.348001371064566,25.329665127949763,-0.9893076949135317,-0.990514900137569,-31.408178622633898,-31.408261067967125
spot,call,110,365,0.4,gros dividende 5,11.16763577292334,11.166898930709037,0.47367470809035234,0.47370458353758743,0.01044442596048163,0.010443462547377701,37.870899545476085,37.93568696668865,-9.803911280542366,-9.803437248870534,34.01002095082628,34.01210401116295
escrowed,call,110,365,0.4,gros dividende 5,11.12187895735628,11.122037404308974,0.47358300416874916,0.4736271298757977,0.010476219632121378,0.010475063563884954,37.646976892523384,37.82037099266837,-9.015381457197224,-9.014252708769307,34.002143198579304,34.00592135478142
spot,put,110,365,0.4,gros dividende 5,22.62779321859879,22.624403478573036,-0.5566419816334185,-0.5566231272902685,0.011684213642722117,0.011683074689246738,36.81567432631301,36.85829781319523,-6.216018101550702,-6.21368036411873,-47.78767556985919,-47.802042734812034
escrowed,put,110,365,0.4,gros dividende 5,22.576957775708888,22.5741596138469,-0.5565596287211367,-0.5565213265499104,0.011709865254286474,0.011708499938827902,36.619897848379956,36.74732269336225,-5.327451507228671,-5.324336097347944,-47.97229314549689,-47.99116288087646
