K,days,sigma,r,q,lsm,erreur_type,ql,ecart,ecart_en_se
80,91,0.2,0.05,0.0,0.027666851384098055,0.000703460471418883,0.02758982786426426,7.702351983379305e-05,0.10949232112280062
80,91,0.2,0.05,0.03,0.03428612124109432,0.0008009438672162631,0.03400636249325451,0.0002797587478398089,0.3492863348990113
80,91,0.4,0.05,0.0,1.0475785962082718,0.007030337035948409,1.0431331079256019,0.004445488282669885,0.6323293264517265
80,91,0.4,0.05,0.03,1.1205261337387948,0.007351598146624223,1.1158322319822636,0.004693901756531282,0.6384872599009881
80,365,0.2,0.05,0.0,0.7234578142221303,0.005434257674927213,0.7232383541712694,0.00021946005086093123,0.040384550013792035
80,365,0.2,0.05,0.03,0.9517955363488511,0.006483824170620083,0.9488520235398114,0.0029435128090397056,0.4539778889096867
80,365,0.4,0.05,0.0,5.215498579854981,0.019746481489605276,5.224474057814176,-0.008975477959195288,-0.454535556824139
80,365,0.4,0.05,0.03,5.74016104887118,0.020993572778364694,5.747829922387587,-0.007668873516407437,-0.36529625506672847
80,730,0.2,0.05,0.0,1.6569585420244595,0.009188492112056778,1.6694066790004165,-0.012448136975957036,-1.3547529697090428
80,730,0.2,0.05,0.03,2.2889863221234243,0.011211063020534555,2.298723835927084,-0.009737513803659503,-0.8685629351849998
80,730,0.4,0.05,0.0,8.798985774522247,0.027498826534842143,8.807199118203863,-0.008213343681616081,-0.29867978807057227
80,730,0.4,0.05,0.03,9.861436707226463,0.029352932059666735,9.871696690483985,-0.010259983257521199,-0.3495386163353416
100,91,0.2,0.05,0.0,3.474745729705796,0.009523038679289574,3.4752979624589933,-0.0005522327531970461,-0.05798913264922737
100,91,0.2,0.05,0.03,3.7398985202207404,0.010135405523899486,3.742923497027309,-0.0030249768065684357,-0.2984564159209496
100,91,0.4,0.05,0.0,7.398150008784696,0.019255850080795844,7.399154167444451,-0.0010041586597555607,-0.05214823835573085
100,91,0.4,0.05,0.03,7.676820644641572,0.019967439085696103,7.676885320328429,-6.467568685675218e-05,-0.003239057676809608
100,365,0.2,0.05,0.0,6.080280433095795,0.01610160405623191,6.088809459874573,-0.008529026778777649,-0.5297004415828126
100,365,0.2,0.05,0.03,6.969146482555382,0.017993784832983018,6.972071502852136,-0.0029250202967538996,-0.16255725651405314
100,365,0.4,0.05,0.0,13.669386395703032,0.03274597157837767,13.665763723652555,0.0036226720504775045,0.11062954848679991
100,365,0.4,0.05,0.03,14.595338944732957,0.03431847839135582,14.58775667917525,0.007582265557706691,0.22093827911719188
100,730,0.2,0.05,0.0,7.6952615200033145,0.019809674239405294,7.7201899179307585,-0.024928397927443946,-1.258395147046715
100,730,0.2,0.05,0.03,9.222076788406245,0.022874675678203938,9.228670661808703,-0.006593873402458428,-0.28826084772608945
100,730,0.4,0.05,0.0,17.987879041344378,0.040271567350823094,17.98895790124263,-0.0010788598982536257,-0.02678961781783185
100,730,0.4,0.05,0.03,19.570370823118083,0.04249011580163361,19.559173934745942,0.011196888372140279,0.2635174830874383
120,91,0.2,0.05,0.0,20.0,0.0031595232359879506,20.000000000008882,-8.881784197001252e-12,-2.8111153277288716e-09
120,91,0.2,0.05,0.03,20.0,0.005581330542484051,20.00000038399568,-3.8399567969804593e-07,-6.880002479250102e-05
120,91,0.4,0.05,0.0,21.355462830618055,0.02543756641920296,21.3378688082746,0.017594022343455862,0.6916550920599872
120,91,0.4,0.05,0.03,21.69165425446223,0.02699867626876023,21.689166817622706,0.0024874368395231272,0.09213180730646797
120,365,0.2,0.05,0.0,20.10690232133364,0.015447952252643659,20.132548763255272,-0.025646441921633567,-1.6601839196677093
120,365,0.2,0.05,0.03,20.811129014434925,0.02215537387297381,20.78407595764581,0.027053056789114294,1.2210607207181872
120,365,0.4,0.05,0.0,26.21568306422739,0.04193476188131874,26.226399514362654,-0.01071645013526279,-0.2555505183406513
120,365,0.4,0.05,0.03,27.37623385828814,0.04435971363656761,27.368564092288974,0.0076697659991644684,0.17289935778219162
120,730,0.2,0.05,0.0,20.626624477195804,0.022092342416220163,20.675715115466826,-0.04909063827102145,-2.222065788505033
120,730,0.2,0.05,0.03,22.058226084689657,0.028486705261250255,22.06269754070353,-0.004471456013874331,-0.15696641548634055
120,730,0.4,0.05,0.0,30.162389401003196,0.050011631121752526,30.194994690675443,-0.032605289672247295,-0.6519541342866869
120,730,0.4,0.05,0.03,32.08061979254222,0.05291927278130162,32.06658535923258,0.014034433309639383,0.2652045761784973
