S,K,days,T,r,q,sigma,type,prix,prix_ql,ecart_prix,delta,delta_ql,gamma,gamma_ql,vega,vega_ql,theta,theta_ql,rho,rho_ql
100.0,80.0,30,0.0821917808219178,0.01,0.0,0.15,call,20.065726473742693,20.0661283283774,-0.0004018546347062113,0.999999918090957,1.0000223928046634,1.0306857839285371e-07,3.492750830446312e-07,1.9591037059285554e-05,0.0015962722862639112,-0.7993545772393419,-0.8051920893190356,6.5699396110971975,6.569975673249573
100.0,80.0,30,0.0821917808219178,0.01,0.0,0.15,put,6.366499740278243e-08,6.679519360364159e-08,-3.130196200859158e-09,-8.196223775496261e-08,-8.551208270454419e-08,1.0313755500112819e-07,1.0712321514350469e-07,1.9603441200727335e-05,2.0457436189535687e-05,-1.1520380155129078e-05,-1.2616847095993181e-05,-6.743092696641214e-07,-7.003404369402605e-07
100.0,80.0,30,0.0821917808219178,0.01,0.03,0.15,call,20.0,19.999999999997236,2.7640112421067897e-12,1.0,1.0000000000401632,0.0,1.0788662294203277e-09,0.0,-5.8619775700208265e-12,0.0,3.5919711649512465e-10,0.0,3.197442310920451e-11
100.0,80.0,30,0.0821917808219178,0.01,0.03,0.15,put,8.725970613553212e-08,9.198632296683218e-08,-4.726616831300061e-09,-1.1123784395057422e-07,-1.1664805437566278e-07,1.3853544802163693e-07,1.447378085055975e-07,2.5872708492330043e-05,2.6881910969992358e-05,-1.580683810427756e-05,-1.7258142021150953e-05,-9.214700932237279e-07,-9.692575891782439e-07
100.0,80.0,30,0.0821917808219178,0.05,0.0,0.15,call,20.328092540300876,20.328500182722884,-0.000407642422008081,0.9999999459839096,1.0000224931526855,6.890277558560225e-08,3.133401521679957e-07,1.3417658273340294e-05,0.001604753046002827,-3.9836110401759353,-3.989565848587313,6.548375518855565,6.548411605438176
100.0,80.0,30,0.0821917808219178,0.05,0.0,0.15,put,4.159348824562344e-08,4.371338873669679e-08,-2.1199004910733496e-09,-5.425303534991319e-08,-5.671942296028901e-08,6.921528520875186e-08,7.196657103890906e-08,1.3474143600467473e-05,1.4034108324823143e-05,-7.513342817357296e-06,-8.215752724236095e-06,-4.449678270598651e-07,-4.5865611246022083e-07
100.0,80.0,30,0.0821917808219178,0.05,0.03,0.15,call,20.08182096072719,20.082223268835545,-0.0004023081083559532,0.9975384402194336,0.9975596478823056,9.301918182199692e-08,3.3942315544095436e-07,1.7786608630387946e-05,0.0015942420564130089,-0.9909983333719435,-0.9968364909530614,6.5483753640123155,6.54841132373285
100.0,80.0,30,0.0821917808219178,0.05,0.03,0.15,put,5.712189317015299e-08,5.995670338128248e-08,-2.834810211129491e-09,-7.378065515028956e-08,-7.702465240127982e-08,9.316345899538294e-08,9.691076247564936e-08,1.7812674771882763e-05,1.8578916667457768e-05,-1.0330469418890988e-05,-1.130970610712303e-05,-6.063319921807929e-07,-6.232382444996814e-07
100.0,80.0,30,0.0821917808219178,0.01,0.0,0.4,call,20.164221979083177,20.165036966950254,-0.0008149878670771216,0.9778150656537011,0.9778462428967859,0.004609164136164808,0.004611407459300867,1.517049745548249,1.516653281712621,-4.463518522432727,-4.465434831105828,6.379502757210886,6.379464641224075
100.0,80.0,30,0.0821917808219178,0.01,0.0,0.4,put,0.09853773547759037,0.0985629392690446,-2.5203791454223023e-05,-0.022195537002925737,-0.022205548060171176,0.004611695891119853,0.004613262564618629,1.5176350928952087,1.5171017141886227,-3.666189845218271,-3.6667890112317445,-0.1856374005956285,-0.18590978563556848
100.0,80.0,30,0.0821917808219178,0.01,0.03,0.4,call,20.030479744371615,20.030356231488593,0.0001235128830217036,0.9837316568911613,0.9837174501771266,0.005335485485230627,0.005337432814126777,1.085451594946285,1.084921706367581,-2.1006353196089127,-2.1001308784910666,1.701620986489516,1.703561452840674
100.0,80.0,30,0.0821917808219178,0.01,0.03,0.4,put,0.10410093530141215,0.10413644865270531,-3.551335129316213e-05,-0.023288216818768737,-0.023300563256907394,0.0047997145483342695,0.004801966651643795,1.5797266400064736,1.5792082103215699,-3.8853214150709614,-3.8863075797588555,-0.19996608829416646,-0.20008693175022768
100.0,80.0,30,0.0821917808219178,0.05,0.0,0.4,call,20.41922705339829,20.420047941692886,-0.0008208882945943685,0.9792866559028444,0.979319495891807,0.004349369098803581,0.004351532184884891,1.431588768124925,1.4312098013967045,-7.354986281177627,-7.35681552384424,6.370638715429422,6.370613113428902
100.0,80.0,30,0.0821917808219178,0.05,0.0,0.4,put,0.09139846149599393,0.09141141860023977,-1.2957104245842066e-05,-0.02078085685199781,-0.0207880920469296,0.004365806158332596,0.004367079148049633,1.4353445125273805,1.4348022574147001,-3.384181650177336,-3.3843352504675384,-0.17178445100749645,-0.1719573911002567
100.0,80.0,30,0.0821917808219178,0.05,0.03,0.4,call,20.178199311443006,20.179007117814766,-0.0008078063717604778,0.9757859856600575,0.975814373631942,0.00453276740484478,0.004534183879862209,1.4918697871188158,1.4914209274179413,-4.568891402831455,-4.5703304149441415,6.355939745517958,6.357357886143333
100.0,80.0,30,0.0821917808219178,0.05,0.03,0.4,put,0.09647696175426675,0.09649832689103516,-2.1365136768411452e-05,-0.021782789668436994,-0.021791917832540256,0.004538660899549487,0.0045398325616172845,1.4932056289833606,1.4926687881794936,-3.5825527466064417,-3.5830008542033447,-0.18133141045885426,-0.18155472816630547
100.0,80.0,182,0.4986301369863014,0.01,0.0,0.15,call,20.450401403727742,20.45127158387118,-0.0008701801434369827,0.986354948885984,0.9863762182209215,0.0032957921390051777,0.00330032848381245,2.4790400421938585,2.4822273519797378,-1.1526303021614681,-1.1532760224536798,38.98543063618298,38.98470897157047
100.0,80.0,182,0.4986301369863014,0.01,0.0,0.15,put,0.05269176482271142,0.052768606959253,-7.684213654157723e-05,-0.013703573258987672,-0.01372222221795151,0.00331198759408796,0.0033156260335140977,2.4878315525870485,2.4905091263696226,-0.3583688843246227,-0.3587393608568233,-0.6843224774962797,-0.6857800037442657
100.0,80.0,182,0.4986301369863014,0.01,0.03,0.15,call,20.0,19.999999999988518,1.1482370609883219e-11,1.0,0.9999999998308577,0.0,1.5337511669599736e-09,0.0,8.881784197001252e-12,0.0,-2.0436630165932e-09,0.0,8.526512829121202e-11
100.0,80.0,182,0.4986301369863014,0.01,0.03,0.15,put,0.07680149387058513,0.07693484181067599,-0.00013334794009085826,-0.01911816074270787,-0.01914882684517059,0.0043899771438547,0.004395397243840482,3.2940866617392928,3.2979494192376753,-0.5313402557443502,-0.5320541556173919,-0.9915961455450247,-0.9932730350292531
100.0,80.0,182,0.4986301369863014,0.05,0.0,0.15,call,22.000048162797455,22.000945888383143,-0.0008977255856876809,0.9917029209064594,0.991734515706285,0.0021371877338069415,0.0021398807924957425,1.6145015119146677,1.6166711759263208,-4.098988042427092,-4.099499868027436,38.47940046089349,38.47917045128746
100.0,80.0,182,0.4986301369863014,0.05,0.0,0.15,put,0.03112279390382143,0.031151281660865244,-2.8487757043813705e-05,-0.008586734022847002,-0.00859413821802608,0.0022231588168959964,0.002224512958144436,1.6608266935948253,1.6622338438759292,-0.20560889254153836,-0.2057034180281767,-0.41628168698416496,-0.416934552535126
100.0,80.0,182,0.4986301369863014,0.05,0.03,0.15,call,20.530291712011397,20.53114583560417,-0.0008541235927737034,0.9732641563032023,0.9732784862190839,0.0029267153631513895,0.002929545894900002,2.2031606007340443,2.2058833336807027,-1.249280292109661,-1.2497444255485135,38.27066336868512,38.27135620273481
100.0,80.0,182,0.4986301369863014,0.05,0.03,0.15,put,0.04563045379883344,0.04569000703353536,-5.9553234701921476e-05,-0.012047291197262982,-0.012061909696773919,0.0029636206991140125,0.0029659906509310963,2.2228909033118396,2.2251332650740108,-0.30703050800770626,-0.3072908854227447,-0.5952132895993001,-0.5963402171043144
100.0,80.0,182,0.4986301369863014,0.01,0.0,0.4,call,23.36943124292548,23.370007501490036,-0.0005762585645570084,0.8286666604624362,0.8287095614672583,0.009005055235101433,0.009004836113212898,17.98347323928109,17.956339667833987,-7.799184531698818,-7.7989468216183955,29.66710746859036,29.667625962423116
100.0,80.0,182,0.4986301369863014,0.01,0.0,0.4,put,2.9776548341184177,2.9769567293785677,0.0006981047398499918,-0.17177723455996324,-0.17177347106111046,0.009036820576821182,0.009035769109041582,18.009335812857753,17.981920476190737,-7.028069275677391,-7.026793586334742,-9.304391110365406,-9.310365648631969
100.0,80.0,182,0.4986301369863014,0.01,0.03,0.4,call,22.427215622305383,22.425921871523318,0.0012937507820645067,0.8182599228626484,0.8182356222717481,0.009883657838929747,0.009883014993853238,17.926767574403968,17.903017127876986,-6.046308692118842,-6.0444092340067535,19.397058323548322,19.406401368437187
100.0,80.0,182,0.4986301369863014,0.01,0.03,0.4,put,3.236045473532551,3.2355715073887263,0.0004739661438244447,-0.18238736495445115,-0.1823968478835907,0.009315394501487658,0.009314735235780056,18.603766836957902,18.575271968813478,-7.784899472078159,-7.78413062755169,-10.707901900256056,-10.708172307009711
100.0,80.0,182,0.4986301369863014,0.05,0.0,0.4,call,24.561746007533976,24.562401612762063,-0.0006556052280863867,0.846016599269611,0.8460671033389553,0.008400807149969994,0.008400316817084558,16.775717478889085,16.750491220679997,-9.72280904363118,-9.722566143277831,29.9377037370121,29.93853902736099
100.0,80.0,182,0.4986301369863014,0.05,0.0,0.4,put,2.632166452530146,2.631212833556742,0.000953618973404069,-0.15701834174658869,-0.1569981056793133,0.008628112363497134,0.008626514398835215,16.95529745314421,16.93086222806488,-5.985912160258986,-5.983937817683735,-8.053002511564378,-8.055119081884943
100.0,80.0,182,0.4986301369863014,0.05,0.03,0.4,call,23.326756269510383,23.326770380417436,-1.411090705261131e-05,0.8218203996795405,0.8218217187331933,0.008799914265646585,0.008798122334796456,17.51452113954226,17.4874893105871,-7.517399776350179,-7.51577511365956,27.499785381149167,27.511946962203382
100.0,80.0,182,0.4986301369863014,0.05,0.03,0.4,put,2.850255220857497,2.8494590838023517,0.0007961370551452518,-0.16594627377163207,-0.16593539780153413,0.008839688944746035,0.008838420057425939,17.52376759412819,17.49757379285768,-6.597500081950374,-6.5958753837960735,-8.75780685980776,-8.76162884857723
100.0,80.0,730,2.0,0.01,0.0,0.15,call,22.755642944557604,22.75631681219319,-0.0006738676355872997,0.8947571852022429,0.8948081505969729,0.008586988603549114,0.008586667827832803,25.69157072612409,25.71534312037027,-1.6332520314250587,-1.6332499829514724,133.4394504933485,133.4426249120675
100.0,80.0,730,2.0,0.01,0.0,0.15,put,1.1884946321915584,1.1879479820213605,0.0005466501701978377,-0.10710429927558442,-0.10708526569759108,0.008784951617455898,0.00878333317305491,25.982340061852433,26.001353948632243,-0.8693252005148588,-0.8690435639548233,-21.50820500601569,-21.511135450247853
100.0,80.0,730,2.0,0.01,0.03,0.15,call,20.04638984117821,20.04384645479802,0.002543386380189361,0.9570083745135755,0.9571095666132615,0.020026037007706964,0.02048015471972804,8.470343595724295,8.415500099688344,-0.13841688815396935,-0.13992558875292715,14.761124692121541,14.742827139365033
100.0,80.0,730,2.0,0.01,0.03,0.15,put,1.9507466448287931,1.9505092573655824,0.00023738746321066984,-0.15647578664962242,-0.15649301512249575,0.011071150617866163,0.011071207076959242,33.141913282242506,33.17038737764118,-1.5389456905871013,-1.5389668877021312,-35.196556819152015,-35.200682020591124
100.0,80.0,730,2.0,0.05,0.0,0.15,call,28.112623279132787,28.11370120224493,-0.001077923112141832,0.9483666905791438,0.9484364541359653,0.0049890972135135285,0.0049872886440977425,14.927528110108135,14.942469472495468,-3.897587543455927,-3.8975777302800285,133.44760369892404,133.45328081916995
100.0,80.0,730,2.0,0.05,0.0,0.15,put,0.570341074163029,0.5697358377417269,0.0006052364213021688,-0.06063967409381159,-0.06059104335945431,0.006121047473491571,0.006116160634441205,16.609686214361286,16.614354726359323,-0.35681835445133814,-0.3564189991204142,-10.698881085388633,-10.694944156759867
100.0,80.0,730,2.0,0.05,0.03,0.15,call,22.710080331333355,22.710432587965478,-0.00035225663212301583,0.860426386053135,0.860423895210364,0.007419122981802461,0.007416195612939356,21.949068014977513,21.967696779571888,-1.420025475217912,-1.4196456939086577,121.89123073762076,121.90597827619776
100.0,80.0,730,2.0,0.05,0.03,0.15,put,0.9452248127494111,0.944628672813244,0.0005961399361670283,-0.08911042074737147,-0.08907782886313742,0.007754453694319472,0.0077515908280179945,22.325667080787607,22.338470963924138,-0.6468786249534952,-0.6464844637673511,-17.008724392841845,-17.007643685795383
100.0,80.0,730,2.0,0.01,0.0,0.4,call,32.40812379364608,32.40994020653613,-0.0018164128900508558,0.7619803396937604,0.7620343523229555,0.005471563674087485,0.0054714308846900185,43.93450089627198,43.76469267294656,-4.815560237112493,-4.815126225962629,87.57971396177311,87.58138509076474
100.0,80.0,730,2.0,0.01,0.0,0.4,put,10.899931826762074,10.898773282762102,0.0011585439999723945,-0.24036212985466057,-0.24035807016020613,0.005554086331546326,0.005553317992099011,44.10826977615816,43.943153170396165,-4.094316061120651,-4.092953199807163,-60.25655865493729,-60.29232503269277
100.0,80.0,730,2.0,0.01,0.03,0.4,call,29.055569118267968,29.052597443476024,0.0029716747919437125,0.7205401092464763,0.7204660051531703,0.00627629947717496,0.006275564687424098,43.57750611000153,43.44994010612524,-3.2898424433476237,-3.2878329144621077,58.17203016334105,58.19968476112791
100.0,80.0,730,2.0,0.01,0.03,0.4,put,12.308025278171208,12.307925571366159,9.97068050487826e-05,-0.2562600642619671,-0.25627046283588034,0.005529675809750203,0.005528863436241803,44.39650251544096,44.223517073772186,-4.813586249967194,-4.812436871661774,-75.22098804461663,-75.2256498437287
100.0,80.0,730,2.0,0.05,0.0,0.4,call,35.939402409233175,35.941657682746,-0.002255273512822953,0.8034671533699392,0.8035389683429899,0.00489812712120331,0.004897744543861138,39.32573553280214,39.173940858415435,-6.139282869316531,-6.138958594866892,88.8145212690965,88.81852762181452
100.0,80.0,730,2.0,0.05,0.0,0.4,put,8.809831364141935,8.807199118203409,0.002632245938526623,-0.2126535412337459,-0.21261642898781524,0.005511643446425807,0.005510301713348773,40.58571564399731,40.46034676630086,-2.905822937002256,-2.90374614853683,-45.669954543875235,-45.68067517229757
100.0,80.0,730,2.0,0.05,0.03,0.4,call,31.61080784682107,31.610402410746673,0.00040543607439857965,0.7388733370783572,0.7388427585677428,0.005330328495074951,0.005329009171339142,41.36162054841961,41.207011554352846,-4.161851283248197,-4.160168229091976,71.05725210626979,71.08092206705585
100.0,80.0,730,2.0,0.05,0.03,0.4,put,9.873588448214276,9.871696690483967,0.0018917577303092514,-0.22450944755141253,-0.22448520927371146,0.005423416675963571,0.005422187410163803,41.38993583059855,41.24913720781276,-3.39638199723602,-3.394484605244892,-51.59878420461261,-51.61878498577899
100.0,100.0,30,0.0821917808219178,0.01,0.0,0.15,call,1.7559388493485952,1.7562010435401756,-0.00026219419158035606,0.516196392502498,0.5162167765891347,0.09272768618537501,0.09269618347202689,11.426448787701283,11.427959072227035,-10.930505626293497,-10.928357235978323,4.098386165327983,4.098423282043018
100.0,100.0,30,0.0821917808219178,0.01,0.0,0.15,put,1.6782745133850592,1.6784103201175988,-0.00013580673253965614,-0.485535295872697,-0.48552301101834394,0.09328322156846432,0.09324892199242721,11.421373528215616,11.422708797505242,-9.992047922635566,-9.989171503412251,-3.5739113546128243,-3.577641274204013
100.0,100.0,30,0.0821917808219178,0.01,0.03,0.15,call,1.6423672438065808,1.6424543958298188,-8.715202323794635e-05,0.4964479331073421,0.49642780719521495,0.09395972697635858,0.09392611944153702,11.394923985434524,11.396181463010846,-9.56114731026503,-9.557989133897589,3.3066281410177867,3.3095435914357596
100.0,100.0,30,0.0821917808219178,0.01,0.03,0.15,put,1.7957421930404769,1.7959997161687395,-0.00025752312826266,-0.505423467134946,-0.5054392402359804,0.0925628664557786,0.09253130895487606,11.40609052968239,11.407579433421477,-11.406210405466709,-11.403994530799922,-4.301755670560792,-4.301810985123167
100.0,100.0,30,0.0821917808219178,0.05,0.0,0.15,call,1.9246008884373713,1.9248696601032405,-0.0002687716658691386,0.5465901733114741,0.5466146997416993,0.09217101520303952,0.09213966316840383,11.357562445509894,11.359065268640311,-13.005923695398105,-13.003865495524147,4.334335284883917,4.33440194845125
100.0,100.0,30,0.0821917808219178,0.05,0.0,0.15,put,1.5464583217136345,1.5464348353111455,2.348640248905909e-05,-0.4664001866482384,-0.46635745419818364,0.09665221582138984,0.09661860519367851,11.316055533477787,11.317127784603798,-8.464001694575249,-8.46019742794088,-3.067812313080842,-3.069961400023913
100.0,100.0,30,0.0821917808219178,0.05,0.03,0.15,call,1.7927927129623389,1.7930557983909294,-0.0002630854285905482,0.5225212657737621,0.5225420097365232,0.09241098522036875,0.0923797665919435,11.387356194137766,11.388861582841125,-11.351638708492505,-11.349483561017813,4.147337018513997,4.147380998639094
100.0,100.0,30,0.0821917808219178,0.05,0.03,0.15,put,1.6403578351184531,1.6404426895610065,-8.48544425533504e-05,-0.479548410731292,-0.4795263552018541,0.093931019686053,0.0938972343603974,11.379924260973285,11.38116785176888,-9.526120841611124,-9.522938687684018,-3.3950496794386,-3.398012605947631
100.0,100.0,30,0.0821917808219178,0.01,0.0,0.4,call,4.611168976462589,4.611878386035619,-0.0007094095730302286,0.5257129214101415,0.5257370937226209,0.03472915794137527,0.03471756969758805,11.412118651816483,11.413643743339819,-28.26303363461695,-28.25742214391065,3.9419278783903167,3.941950811603867
100.0,100.0,30,0.0821917808219178,0.01,0.0,0.4,put,4.532961347287205,4.533417255210366,-0.0004559079231611918,-0.4748432264773463,-0.4748351149781764,0.03479725755545787,0.03478433731884652,11.411273129886501,11.412649783780404,-27.317739050807553,-27.310519254766795,-3.806704683460449,-3.8115350730487663
100.0,100.0,30,0.0821917808219178,0.01,0.03,0.4,call,4.492480464290894,4.492871228540352,-0.00039076424945783117,0.5173719575524945,0.517364600899323,0.03486045822655796,0.0348475896569181,11.396402105374781,11.397734800152648,-26.808801521774082,-26.801182994049462,3.4054703403878506,3.409196433953543
100.0,100.0,30,0.0821917808219178,0.01,0.03,0.4,put,4.646868343857844,4.647538670333927,-0.0006703264760830052,-0.481662921661485,-0.4816736455676854,0.03468374034094157,0.03467170126985973,11.397178794902763,11.398653223196131,-28.66395338559791,-28.657840628460754,-4.340802884771122,-4.340860373712285
100.0,100.0,30,0.0821917808219178,0.05,0.0,0.4,call,4.770459811635581,4.771175592039103,-0.0007157804035218263,0.5371129466643666,0.5371387685430076,0.03465082750048249,0.03463939041894919,11.38634887061536,11.387871623612122,-30.167797297232,-30.16226029793551,4.022534317471127,4.0225692042468175
100.0,100.0,30,0.0821917808219178,0.05,0.0,0.4,put,4.387418018397013,4.3876633149934285,-0.0002452965964154785,-0.46680700429211724,-0.46678572845572314,0.03514886174859903,0.0351363128021898,11.377529852384338,11.378794086689759,-25.565768027828288,-25.557485924386437,-3.5044350558894877,-3.507576313334315
100.0,100.0,30,0.0821917808219178,0.05,0.03,0.4,call,4.639235933124719,4.639945113201515,-0.0007091800767957679,0.5272642148432929,0.5272880912104843,0.034626830128948134,0.03461519868089038,11.378459223562487,11.37997996491018,-28.52413583263995,-28.518478595775086,3.952363973949602,3.952392408709038
100.0,100.0,30,0.0821917808219178,0.05,0.03,0.4,put,4.486646385274078,4.487028448225745,-0.0003820629516670948,-0.4719263026775806,-0.47191291226887216,0.0348417892259866,0.03482885015464576,11.38093524931505,11.382250074789413,-26.705348103970742,-26.69766928604027,-3.6791223733128042,-3.683052551718191
100.0,100.0,182,0.4986301369863014,0.01,0.0,0.15,call,4.465973490735672,4.4666355245192495,-0.0006620337835778756,0.539837219867141,0.5398631071208063,0.037490390701598625,0.037478111040670885,28.026505313593653,28.030249269939933,-4.712856801272228,-4.7114391143761125,24.691027689595302,24.691274802512098
100.0,100.0,182,0.4986301369863014,0.01,0.0,0.15,put,4.003226319056539,4.003391621792326,-0.00016530273578663213,-0.4656456710383591,-0.4656200964895922,0.03824953323921724,0.03823612105193059,27.993498955397378,27.996489211474483,-3.7974026071458997,-3.7955260280543213,-20.695602634110298,-20.71273559013309
100.0,100.0,182,0.4986301369863014,0.01,0.03,0.15,call,3.7927057566018356,3.792629286037373,7.647056446247191e-05,0.4915380944115673,0.49149087999056174,0.0391755361986941,0.03916172560371372,27.6803155451814,27.68283318663489,-3.3862369179531036,-3.384053370285148,17.518633322133546,17.530876819618513
100.0,100.0,182,0.4986301369863014,0.01,0.03,0.15,put,4.693450389133808,4.694078564515167,-0.000628175381359064,-0.5087624720258677,-0.5087743505779525,0.03708793799124053,0.03707485197983713,27.724935515465265,27.728522199957606,-5.142981043968169,-5.14147362038501,-27.708542020212334,-27.709058530249298
100.0,100.0,182,0.4986301369863014,0.05,0.0,0.15,call,5.517191936391062,5.517903201265679,-0.0007112648746172567,0.6134432506309792,0.6134788990685799,0.03614557874433484,0.036132385955794204,27.017031175362494,27.020675189545074,-6.857669722195763,-6.856369371439914,27.837064412412627,27.837715303638433
100.0,100.0,182,0.4986301369863014,0.05,0.0,0.15,put,3.2969333094126405,3.296369551698111,0.0005637577145294337,-0.42919905056820645,-0.429104232632952,0.0429261626999094,0.04290971761990601,26.87243831229791,26.87394158408283,-2.5182046040832957,-2.515527839900089,-15.214095009287387,-15.222088283474822
100.0,100.0,182,0.4986301369863014,0.05,0.03,0.15,call,4.6468770897595695,4.64753993144358,-0.000662841684010651,0.5501831206901117,0.5502070693367018,0.03672027964659808,0.036707383593107115,27.449820424769733,27.453492498857866,-4.999059875670174,-4.997594263869309,25.116490487633314,25.11683924584096
100.0,100.0,182,0.4986301369863014,0.05,0.03,0.15,put,3.767580240171248,3.7674807824887386,9.945768250929632e-05,-0.4514562726631672,-0.45140670771222685,0.039192026551064255,0.039177800450215114,27.47575666986597,27.47811951121801,-3.317792711173877,-3.3155855019741707,-18.494917936202835,-18.507483798396283
100.0,100.0,182,0.4986301369863014,0.01,0.0,0.4,call,11.452074732309377,11.453905847654584,-0.0018311153452064133,0.5631107926754036,0.5631473093504018,0.013951990967863493,0.013947739326801219,27.813948135666777,27.817776567731922,-11.610441923950322,-11.606784048562226,22.36804800389347,22.368098733039687
100.0,100.0,182,0.4986301369863014,0.01,0.0,0.4,put,10.98685737989453,10.987745932245575,-0.0008885523510446802,-0.4386991636433087,-0.43868193990030124,0.014051132275428226,0.014046183940111546,27.81500991226027,27.81822402256333,-10.692596534382853,-10.687903838310575,-23.39982592526102,-23.4238367206121
100.0,100.0,182,0.4986301369863014,0.01,0.03,0.4,call,10.719128788567536,10.719653352964702,-0.0005245643971658609,0.5401218423534766,0.540101118637639,0.014135690071997957,0.014130751148898639,27.621942176794168,27.624862018581453,-10.121370220759768,-10.116176493448851,18.105033771361967,18.121023402768444
100.0,100.0,182,0.4986301369863014,0.01,0.03,0.4,put,11.618848065422892,11.620428371220852,-0.00158030579795998,-0.4510337638975454,-0.4510348523965404,0.013841671375025576,0.013836943802695519,27.593792520546945,27.597297038333846,-11.859468875966403,-11.855246309414515,-28.28268440924475,-28.28326230883338
100.0,100.0,182,0.4986301369863014,0.05,0.0,0.4,call,12.365373217024167,12.367253877867535,-0.0018806608433674654,0.590746589132203,0.5907875253589252,0.013762171164935324,0.013757896953373193,27.435092411465778,27.438891730028292,-13.345443632063166,-13.341844511844817,23.2906533310846,23.290877887468753
100.0,100.0,182,0.4986301369863014,0.05,0.0,0.4,put,10.128250218732415,10.12810993938514,0.0001402793472742303,-0.42257106023460983,-0.4225281675095785,0.014535801089876737,0.01453089410084333,27.42532297932687,27.42780121629087,-9.009565700707883,-9.003783198187486,-19.89796850805714,-19.91133682500834
100.0,100.0,182,0.4986301369863014,0.05,0.03,0.4,call,11.505077734236902,11.50676347973823,-0.001685745501328384,0.5617639650099452,0.5617855327695387,0.013720190264093433,0.013715087074189879,27.34381031768436,27.347196461729606,-11.524681657867879,-11.520245073779027,21.967070937838784,21.971245072643697
100.0,100.0,182,0.4986301369863014,0.05,0.03,0.4,put,10.641521054357577,10.641960308982846,-0.0004392546252685037,-0.43052182658533833,-0.43049052232425405,0.01411959324905862,0.014114503220162595,27.410186056034735,27.412934367852948,-9.902793331552585,-9.897399163467412,-21.589907399606645,-21.608016311746248
100.0,100.0,730,2.0,0.01,0.0,0.15,call,9.389390604569478,9.39077826112613,-0.0013876565566519616,0.5793855667635422,0.5794214968478165,0.018439658680332975,0.01843366190733493,55.28947870531038,55.297028555178684,-2.5599761246644093,-2.5592873496428847,97.097919159566,97.09905917989659
100.0,100.0,730,2.0,0.01,0.0,0.15,put,7.583859986945213,7.583716090936578,0.0001438960086348473,-0.4345790393614607,-0.43453475410752335,0.019492226448230232,0.019485501017829716,55.21088946984123,55.215932594295445,-1.682471767352034,-1.6813916991471323,-77.77701355300293,-77.8297249503721
100.0,100.0,730,2.0,0.01,0.03,0.15,call,6.785947070641522,6.784973770832286,0.0009732998092362166,0.48282553356398294,0.48272369289798833,0.020814805935792238,0.0208069432847885,53.17908803543845,53.18208184710746,-1.3081338991041136,-1.3067912463774567,56.89964645835044,56.93184167899368
100.0,100.0,730,2.0,0.01,0.03,0.15,put,10.181410207491268,10.182626628733436,-0.0012164212421676979,-0.5018533519639966,-0.5018526580750566,0.01765843534591494,0.017651655651393566,52.94163620675274,52.94838945194584,-2.8884663539070488,-2.8876248320128806,-120.73069321266772,-120.73388412815954
100.0,100.0,730,2.0,0.05,0.0,0.15,call,13.675625590474981,13.677267678969136,-0.0016420884941545921,0.7181682935531152,0.7182203157433129,0.015926394283613733,0.015919393251723663,47.725562435696034,47.732601225997314,-4.698749337230801,-4.698145209567013,116.28169548424604,116.28498844204493
100.0,100.0,730,2.0,0.05,0.0,0.15,put,5.232944759545564,5.2305117042784826,0.0024330552670814853,-0.3864124303149031,-0.38621197212750963,0.02590090124699151,0.02588431870812508,48.82551778177451,48.82565547490118,-0.7197467911259636,-0.7180266460562934,-44.49156438616652,-44.513479336135916
100.0,100.0,730,2.0,0.05,0.03,0.15,call,9.783195721653001,9.784516330850327,-0.0013206091973252398,0.5801630854409524,0.5801797190425269,0.016989788445152507,0.016982525527600392,50.923394673372435,50.93006010176326,-2.5825422505150186,-2.581646793777921,96.14898937004668,96.15234068803868
100.0,100.0,730,2.0,0.05,0.03,0.15,put,6.633157303191643,6.632065602534159,0.0010917006574837629,-0.4096032577977923,-0.40950492953262513,0.021027735739921036,0.02101892638940813,51.788437369285354,51.790678028549394,-1.2146873380629586,-1.2132426538995933,-61.69807951903161,-61.731335156043784
100.0,100.0,730,2.0,0.01,0.0,0.4,call,23.050494093502223,23.054477245162513,-0.003983151660289508,0.6248172335685548,0.6248791599254384,0.006706371613372025,0.0067049113720598855,53.62671939208443,53.63455317759964,-5.759910927265466,-5.758193412762509,78.86237144867181,78.8623052985109
100.0,100.0,730,2.0,0.01,0.0,0.4,put,21.25182383876739,21.252882997368655,-0.0010591586012651533,-0.38010936967969616,-0.38008082280229094,0.00686107987770114,0.0068590729186747725,53.710735089636685,53.71648505486295,-4.8967392430281365,-4.894105179265127,-95.38685415008707,-95.46830371218284
100.0,100.0,730,2.0,0.01,0.03,0.4,call,20.070453658465375,20.07004866310235,0.00040499536302363026,0.5709239634345779,0.5708679752065331,0.007011441740957151,0.00700931031273996,52.413093038025416,52.41730741511006,-4.267097012986554,-4.263988584525968,57.93925090448937,57.980238936982786
100.0,100.0,730,2.0,0.01,0.03,0.4,put,23.376278574466028,23.379125686784565,-0.0028471123185376257,-0.39198993676400135,-0.3919721404794806,0.006506708777097234,0.0065045802655586005,52.00960802492922,52.015922372046575,-5.75606244297866,-5.7536236706385235,-122.79417771906509,-122.80326810993891
100.0,100.0,730,2.0,0.05,0.0,0.4,call,26.28755481451623,26.291851715434156,-0.004296900917925228,0.6770843898131129,0.677157678156128,0.0063478307451866065,0.006346164513714583,50.756401019554964,50.764080631324404,-7.149806988479668,-7.148165822265629,82.84167025496103,82.84293025946177
100.0,100.0,730,2.0,0.05,0.0,0.4,put,17.991306809227236,17.988957901242607,0.002348907984629278,-0.35900871751908064,-0.3589377149122466,0.007582663906638468,0.007580251009581917,51.33987668936406,51.34297450672047,-3.3718588570419428,-3.368259100070885,-70.56990877938496,-70.60824630380402
100.0,100.0,730,2.0,0.05,0.03,0.4,call,22.57886048404597,22.581329498065607,-0.0024690140196383936,0.6066840295133255,0.6066820630888539,0.006423699678313021,0.006421128640512667,50.70574347085817,50.7103751428124,-5.223855797582999,-5.2210075394352895,68.85267973351361,68.87277555507687
100.0,100.0,730,2.0,0.05,0.03,0.4,put,19.559996074774155,19.55917393474565,0.0008221400285037817,-0.3644256697501175,-0.36436754620399275,0.007055438322718405,0.007053088450991461,50.99261456991506,50.99603324959929,-3.9379268762864683,-3.934524746122312,-79.43807864075936,-79.48875655335996
100.0,120.0,30,0.0821917808219178,0.01,0.0,0.15,call,1.2193730735827576e-05,1.2482725771533733e-05,-2.8899503570615696e-07,1.3201071478172019e-05,1.3483113653573924e-05,1.3557556638597113e-05,1.3828684130908525e-05,0.0020095643912386397,0.002037098143401788,-0.0015383048054920744,-0.0015875649121408256,0.00010750094437045183,0.00010938400520770313
100.0,120.0,30,0.0821917808219178,0.01,0.0,0.15,put,20.0,20.000000000002625,-2.62545540863357e-12,-1.0,-1.0000000000292013,0.0,-1.1751185709840685e-09,0.0,2.1316282072803006e-12,0.0,3.2807534466883226e-10,0.0,-7.105427357601002e-12
100.0,120.0,30,0.0821917808219178,0.01,0.03,0.15,call,9.338938722767276e-06,9.555089331473868e-06,-2.1615060870659162e-07,1.0226271021263837e-05,1.0438972641137459e-05,1.0633857679432422e-05,1.0833511215983888e-05,0.001592414246053685,0.0016138556491952715,-0.0011757628203174525,-0.0012126584112605288,8.235257210835727e-05,8.383673722362994e-05
100.0,120.0,30,0.0821917808219178,0.01,0.03,0.15,put,20.147691302764056,20.14811008258416,-0.0004187798201051862,-0.9975283060742923,-0.9975449167171846,1.0613761634365644e-05,1.0515249462278575e-05,0.0015896915909863196,0.0023289474428977996,-1.7947744840416393,-1.7974287713135784,-9.85482732443721,-9.854866722756483
100.0,120.0,30,0.0821917808219178,0.05,0.0,0.15,call,1.730274413053502e-05,1.772074954963647e-05,-4.1800541910144863e-07,1.8448470473662985e-05,1.884890346293098e-05,1.8633168050695944e-05,1.8957689097605693e-05,0.002725426822107035,0.002762943751828357,-0.0021876003674674606,-0.002258738583641876,0.00015021075542895443,0.0001528842320574655
100.0,120.0,30,0.0821917808219178,0.05,0.0,0.15,put,20.0,20.000000000000114,-1.1368683772161603e-13,-1.0,-1.0000000000269105,0.0,1.905283409087133e-09,0.0,6.217248937900877e-12,0.0,1.3356427075450483e-10,0.0,-1.0658141036401503e-11
100.0,120.0,30,0.0821917808219178,0.05,0.03,0.15,call,1.3282500440868352e-05,1.3598827276639451e-05,-3.1632683577109886e-07,1.432531073948251e-05,1.4632037784529132e-05,1.4651279405861768e-05,1.4948615751271226e-05,0.002164333659394761,0.0021940231527703925,-0.001676255171957408,-0.0017301181745806387,0.00011665172598048149,0.00011871479946125965
100.0,120.0,30,0.0821917808219178,0.05,0.03,0.15,put,20.0,20.00000000000289,-2.8883562208648073e-12,-1.0,-0.9999999999857667,0.0,-1.3643835700349883e-09,0.0,7.638334409421077e-12,0.0,-1.4523493518936448e-10,0.0,-1.9539925233402755e-11
100.0,120.0,30,0.0821917808219178,0.01,0.0,0.4,call,0.30361337679668354,0.30359614088786857,1.7235908814972056e-05,0.06356970048865226,0.0635818924342324,0.01086723413125248,0.01086946286707354,3.5715032995058933,3.5728597260842014,-8.754354019377288,-8.753226020660353,0.4975362881081413,0.4976701294567287
100.0,120.0,30,0.0821917808219178,0.01,0.0,0.4,put,20.240009432621488,20.239879730776593,0.0001297018448944698,-0.9393658076359251,-0.939356054789134,0.011062603877763371,0.011064506934325565,3.4243495460092532,3.42545966539074,-7.708350449080471,-7.706177167649306,-5.155874067444444,-5.16029379541294
100.0,120.0,30,0.0821917808219178,0.01,0.03,0.4,call,0.288613401511173,0.2885664432479199,4.695826325307184e-05,0.06086447692604021,0.060870147294187806,0.010505013987299873,0.010506163718611216,3.450601200117598,3.4517086179963075,-8.279427421933292,-8.277455467866664,0.4595690069406355,0.46000068361642943
100.0,120.0,30,0.0821917808219178,0.01,0.03,0.4,put,20.435966014839316,20.436490028430185,-0.0005240135908692878,-0.9367534400250893,-0.9367672241740479,0.010488456655418412,0.010489877702703806,3.4470243750899243,3.448301166419654,-10.059944551846558,-10.058543328313752,-9.379002187646535,-9.378948954140043
100.0,120.0,30,0.0821917808219178,0.05,0.0,0.4,call,0.3240771161879107,0.3240683095110654,8.806676845274364e-06,0.06721940091770323,0.06723417697536675,0.01134812262355349,0.011350592858501153,3.7295299619364313,3.7309739170808265,-9.398420897091263,-9.397544316937406,0.5258518783400334,0.5260070934887118
100.0,120.0,30,0.0821917808219178,0.05,0.0,0.4,put,20.08885991173534,20.088485185237165,0.0003747264981761589,-0.9552359874035175,-0.9552253553579299,0.012939243381342436,0.012941623745273497,2.550535139502763,2.5507321368301916,-4.570792951432405,-4.566293101829748,-2.6970235403958043,-2.6991716212627637
100.0,120.0,30,0.0821917808219178,0.05,0.03,0.4,call,0.30786345455903763,0.3078482657243132,1.5188834724455536e-05,0.06430865608454081,0.06432136650425892,0.010959327216644575,0.010961590874868053,3.601756258342961,3.6031306910668857,-8.880718873293754,-8.879621043281455,0.503259924117011,0.5033979571049119
100.0,120.0,30,0.0821917808219178,0.05,0.03,0.4,put,20.174407351854253,20.17417311370839,0.0002342381458610987,-0.9434442555147955,-0.9434320492264604,0.01173444491316254,0.01173649653807054,3.1559908349880317,3.156758778828639,-6.491976144663644,-6.488770708396894,-4.015318186638694,-4.018326893078239
100.0,120.0,182,0.4986301369863014,0.01,0.0,0.15,call,0.22508278986909375,0.22510174660149534,-1.895673240159823e-05,0.05246242477409531,0.05247913982137496,0.010116596082177482,0.010119885791340745,7.5580144148432185,7.565667835577522,-1.1883312444086052,-1.188647402363415,2.5037315217477514,2.5047443885194003
100.0,120.0,182,0.4986301369863014,0.01,0.0,0.15,put,20.012003015409082,20.011614497363095,0.00038851804598749595,-0.9829437662359353,-0.9829250037130223,0.012757744202736822,0.012745927402606978,2.497478359948957,2.49145242944504,-0.2521825830331853,-0.24975810175402735,-6.717766070854836,-6.731773483982906
100.0,120.0,182,0.4986301369863014,0.01,0.03,0.15,call,0.15930355542879382,0.15925325836099222,5.029706780160237e-05,0.03889077838203418,0.03888883889417254,0.007968166052353625,0.007968044396975097,5.928370111091554,5.933457021047202,-0.8170428508163899,-0.8169333922555564,1.7570173857093667,1.7578306790244635
100.0,120.0,182,0.4986301369863014,0.01,0.03,0.15,put,21.045457628410507,21.046010847760677,-0.0005532193501700533,-0.9467534653994164,-0.9467646773624081,0.007849201046513644,0.00784992672823899,5.869784949680934,5.875825361361109,-2.566090644037685,-2.5661746864742696,-57.701504407555504,-57.70139350445547
100.0,120.0,182,0.4986301369863014,0.05,0.0,0.15,call,0.34634823218623595,0.34644663504889717,-9.840286266121767e-05,0.07589645337744258,0.07593401181222365,0.013485696115037296,0.013490084620135375,10.067565286052737,10.077404880783186,-1.8792731199394639,-1.8801413891446943,3.6117612572863775,3.6137987676091443
100.0,120.0,182,0.4986301369863014,0.05,0.0,0.15,put,20.0,20.00000000000016,-1.5987211554602254e-13,-1.0,-1.0000000000422022,0.0,4.1250552584415344e-09,0.0,5.8619775700208265e-12,0.0,3.5790037600236246e-10,0.0,-5.3290705182007514e-11
100.0,120.0,182,0.4986301369863014,0.05,0.03,0.15,call,0.24761286824436218,0.24764683717235333,-3.3968927991151476e-05,0.05684339789251584,0.056863814573137716,0.01074472541010268,0.01074829123508703,8.025225860140486,8.03329608466614,-1.3100876216656354,-1.310497094325925,2.710925547356496,2.7121399225965988
100.0,120.0,182,0.4986301369863014,0.05,0.03,0.15,put,20.0,20.00000000001195,-1.1951328815484885e-11,-1.0,-0.9999999998976529,0.0,-2.4295839253341e-09,0.0,1.6644463585180347e-10,0.0,-1.183924069891873e-09,0.0,-2.4868995751603507e-11
100.0,120.0,182,0.4986301369863014,0.01,0.0,0.4,call,4.948329355675767,4.9474144188499825,0.0009149368257848067,0.31327520118917335,0.3132807221789178,0.012548307547253243,0.012547941948390626,24.980349634513566,25.022859431483056,-10.30267063353838,-10.30182216356306,13.153461920777154,13.153902809649232
100.0,120.0,182,0.4986301369863014,0.01,0.0,0.4,put,24.44862708319209,24.447039683365812,0.0015873998262776468,-0.6911555847573482,-0.6911619811328577,0.012743084514929672,0.012742307159378907,24.770676954474524,24.808109870043182,-9.25905905573034,-9.257208978983833,-34.59321525805947,-34.612234372152884
100.0,120.0,182,0.4986301369863014,0.01,0.03,0.4,call,4.523814171978959,4.522384096154849,0.0014300758241097,0.29256912301142524,0.2925377949290668,0.012166174864976037,0.012164775104927613,24.049659586083383,24.089793892275946,-9.102782347135404,-9.100583554743395,11.207270113748002,11.211838289651332
100.0,120.0,182,0.4986301369863014,0.01,0.03,0.4,put,25.38485899450414,25.38435503850805,0.0005039559960877682,-0.6947732545878252,-0.694799208793051,0.01203099435415924,0.012029931685814486,23.94938004298428,23.990035491507378,-10.760714199483791,-10.759280976340602,-47.292141456679815,-47.292939876180995
100.0,120.0,182,0.4986301369863014,0.05,0.0,0.4,call,5.4943137760070995,5.493462117850443,0.0008516581566562209,0.3387041869462925,0.33872090605761734,0.012954551224376155,0.012954219115694892,25.790003369976187,25.833673245012932,-11.782664696383415,-11.782045091529405,14.149182927035486,14.150126499608895
100.0,120.0,182,0.4986301369863014,0.05,0.0,0.4,put,23.256003349201677,23.25334961147414,0.0026537377275381857,-0.6959166982879526,-0.6959040489275288,0.014588402061011054,0.014588028029461313,24.006964950768683,24.032504567913904,-7.028506226223075,-7.024956549543884,-26.069437550599872,-26.07778912827463
100.0,120.0,182,0.4986301369863014,0.05,0.03,0.4,call,5.005860816673914,5.0049476182521895,0.000913198421724104,0.31483986211812365,0.3148429025476829,0.012469790419301963,0.012469018270034842,24.822927804508943,24.86498947862561,-10.35544966333071,-10.354353387685446,13.153657696132637,13.155265386782578
100.0,120.0,182,0.4986301369863014,0.05,0.03,0.4,put,23.91154309253376,23.9094673893718,0.00207570316195671,-0.6890260070267101,-0.6890191462856499,0.01338460709631751,0.01338378909323166,24.219179850648942,24.250718577441255,-8.134266914787423,-8.131519908461815,-29.849364939767753,-29.861548692656115
100.0,120.0,730,2.0,0.01,0.0,0.15,call,2.9297467903951997,2.9297724386567654,-2.5648261565702768e-05,0.25487913493962727,0.25491533015873247,0.015135953227360973,0.015135296632537747,45.27897238985208,45.35499144349701,-1.9283934421363558,-1.9282958434800634,45.11678835824484,45.123572378551025
100.0,120.0,730,2.0,0.01,0.0,0.15,put,21.306176421112525,21.30454663100124,0.0016297901112842794,-0.7911825444321112,-0.7911453358096614,0.01774302311149654,0.01774272107203092,38.66017820332086,38.70224378819991,-0.9918530760550937,-0.9911896125758535,-92.85343506345534,-92.90513603714423
100.0,120.0,730,2.0,0.01,0.03,0.15,call,1.76608317408425,1.765369177013621,0.0007139970706289134,0.1721015572543913,0.17205588813653722,0.012252828330796182,0.012248994053631378,35.14388966164743,35.187255669924376,-1.0165692084788125,-1.0159168663345224,26.453321729949298,26.458477190575035
100.0,120.0,730,2.0,0.01,0.03,0.15,put,25.137508860356004,25.13793952301792,-0.0004306626619161591,-0.7787636510696022,-0.7787622191353664,0.011367683138631532,0.011365467776462532,33.983941526088834,34.04130092419653,-2.5850236778488522,-2.584661531463448,-206.02186569241886,-206.02267040358944
100.0,120.0,730,2.0,0.05,0.0,0.15,call,5.17098539324944,5.171606730455758,-0.0006213372063177403,0.38889003918363046,0.3889816723711729,0.018076528302067855,0.018074073200351454,54.11471837396089,54.20214503997354,-3.7193953901621946,-3.7197056214446,67.43616177882127,67.45270201176278
100.0,120.0,730,2.0,0.05,0.0,0.15,put,20.0,19.99999998128668,1.871331889446992e-08,-1.0,-1.0000000888879381,0.0,1.0384098515970663e-06,0.0,3.1908644970712885e-05,0.0,-9.132055023286512e-07,0.0,1.0174971976084635e-08
100.0,120.0,730,2.0,0.05,0.03,0.15,call,3.2087275079594226,3.2088527068956942,-0.00012519893627160883,0.2694077166184593,0.26944601076063923,0.015103661475734243,0.015101949646804917,45.1888548610903,45.2641841635282,-2.0775519871634174,-2.077395335347677,47.44517554070238,47.453953033661065
100.0,120.0,730,2.0,0.05,0.03,0.15,put,20.33339315730105,20.32984189520137,0.0035512620996804856,-0.8616465944116268,-0.8614799062258405,0.027783522823288446,0.02777300099946061,23.548623093851617,23.56395572938581,-0.38553192540469183,-0.3831356170054434,-41.42233291424624,-41.500033908297596
100.0,120.0,730,2.0,0.01,0.0,0.4,call,16.383521880750415,16.38351051435952,1.136639089338587e-05,0.49835588501401445,0.4983965071905918,0.007053231256004462,0.007053029697534397,56.182116456664396,56.41743371220533,-5.977632143043365,-5.976753448800611,66.90408451160224,66.90891583150105
100.0,120.0,730,2.0,0.01,0.0,0.4,put,34.35536898695687,34.35278430535807,0.0025846815987975447,-0.5101543568090592,-0.5101412871569901,0.007297123561830268,0.007296503580479484,55.929615159715595,56.13656995712013,-4.9845234815570905,-4.982780139531968,-126.0964190745959,-126.16461830846859
100.0,120.0,730,2.0,0.01,0.03,0.4,call,13.915167393551974,13.912459115221242,0.002708278330731062,0.4425909916211376,0.4425370116630311,0.006961040240466874,0.006960003396224311,53.393816239294175,53.583611090785865,-4.54499413850229,-4.542738106039077,51.00477291390337,51.02570183723998
100.0,120.0,730,2.0,0.01,0.03,0.4,put,37.061581926784996,37.06119725050289,0.00038467628210270277,-0.5127022957514069,-0.5126980800353946,0.0066279385295006195,0.006626882810725006,52.73788831835304,52.95702808601632,-5.957627784646036,-5.956064456763137,-170.46088058659237,-170.47368599459034
100.0,120.0,730,2.0,0.05,0.0,0.4,call,19.174820807278063,19.175328356170116,-0.0005075488920525117,0.5545863393721385,0.5546493564933818,0.006987421331693623,0.006986914201139626,55.65686035372703,55.88979815376476,-7.40465282443914,-7.403947857840887,72.56755893431688,72.57553179306342
100.0,120.0,730,2.0,0.05,0.0,0.4,put,30.201281625787825,30.194994690675465,0.006286935112360226,-0.5110350275692807,-0.5109737043931812,0.009050558109810576,0.009049575073441849,53.29527852286464,53.426691322341924,-3.175566649913364,-3.172394678669823,-86.74828172392779,-86.78100255618837
100.0,120.0,730,2.0,0.05,0.03,0.4,call,16.127796071707422,16.12710061835388,0.0006954533535434848,0.4856882025361639,0.48568796807224435,0.006749250615992711,0.0067479904974209835,53.436611277399756,53.655045095780096,-5.564885799911323,-5.563146330737574,60.76111334417433,60.777054066200265
100.0,120.0,730,2.0,0.05,0.03,0.4,put,32.071170915870674,32.06658535923293,0.004585556637742627,-0.5023295101293392,-0.5022820150191039,0.008008169648292193,0.008007133208368874,52.87353859736523,53.03018286765191,-3.7987696775445556,-3.7959331790119144,-99.73137482545091,-99.77200536180852
