expiration,type,strike,bid,ask,volume,open_interest,iv_source,jours,mid,iv_bid,iv_mid,iv_ask,x,iv_smile,dans_fourchette,prix_smile,borrow,forward
2026-10-14,call,280.0,52.25,55.25,1.0,1,0.6186561572265626,8,53.75,,0.5733151576694494,0.8856082982187213,-0.17519012064705844,,,,0.0,333.61236122047137
2026-10-14,call,295.0,37.25,41.0,32.0,8,0.5273484765625001,8,39.125,,0.5171532886036188,0.7574631612829729,-0.1230043674764882,,,,0.0,333.61236122047137
2026-10-14,call,300.0,32.3,35.35,39.0,5,0.6054726953125001,8,33.825,,0.39210280845548867,0.6189105048231123,-0.10619724916010696,,,,0.0,333.61236122047137
2026-10-14,call,302.5,29.7,33.05,2.0,3,0.5893595751953126,8,31.375,,0.3786328323417191,0.6039925576391457,-0.09789844634541187,,,,0.0,333.61236122047137
2026-10-14,call,305.0,27.35,30.3,2.0,2,0.53320779296875,8,28.825000000000003,,0.3394740390797889,0.5442655663208077,-0.0896679472088964,,,,0.0,333.61236122047137
2026-10-14,call,307.5,24.85,27.85,6.0,6,0.5034229345703125,8,26.35,,0.3195901890303743,0.5131272717913369,-0.08150463656973546,,,,0.0,333.61236122047137
2026-10-14,call,310.0,22.4,25.4,4.0,5,0.4730277307128906,8,23.9,,0.3033937890616181,0.4821741159052377,-0.07340742633711608,,,,0.0,333.61236122047137
2026-10-14,call,312.5,20.0,22.5,2.0,15,0.4062559375,8,21.25,,0.24258408473984577,0.4099368486115747,-0.06537525463985194,,,,0.0,333.61236122047137
2026-10-14,call,315.0,17.55,20.55,3.0,2,0.41358008300781246,8,19.05,,0.2725703930585868,0.4215530194272608,-0.05740708499067506,0.2549209123559493,1.0,18.935861657132616,0.0,333.61236122047137
2026-10-14,call,317.5,15.25,18.3,14.0,4,0.3940490283203125,8,16.775,,0.2704483533802765,0.4022861059370002,-0.04950190548356178,0.24257638765179018,1.0,16.547631088633505,0.0,333.61236122047137
2026-10-14,call,320.0,14.7,15.5,25.0,62,0.3365544860839844,8,15.1,0.27861013069476664,0.3113103225795994,0.3415416565978696,-0.04165872802253589,0.23333657153347492,0.0,14.225156051409618,0.0,333.61236122047137
2026-10-14,call,322.5,11.95,13.15,5.0,18,0.30774618041992186,8,12.55,0.2222744137685621,0.26998450179983047,0.3123553316153792,-0.033876587580480934,0.22674174864778768,1.0,12.002931654633556,0.0,333.61236122047137
2026-10-14,call,325.0,10.3,10.8,12.0,60,0.27637442382812494,8,10.55,0.24839252872391734,0.2645282017155276,0.28063694338893,-0.026154541486570624,0.22235215647852682,0.0,9.920280348596274,0.0,333.61236122047137
2026-10-14,call,327.5,8.2,8.7,45.0,93,0.2555006091308594,8,8.45,0.23087492879925903,0.24558007576125904,0.2599175155667839,-0.018491668741001496,0.2197471154772595,0.0,8.0159377226954,0.0,333.61236122047137
2026-10-14,call,330.0,6.35,6.8,75.0,102,0.23889921264648437,8,6.574999999999999,0.22004583991146198,0.23215033697719986,0.2440893511890049,-0.010887069355782184,0.2185242011206019,0.0,6.32220534416009,0.0,333.61236122047137
2026-10-14,call,332.5,5.0,5.3,389.0,259,0.23389437988281248,8,5.15,0.2249343127107617,0.23258934099102904,0.24024335206739608,-0.0033398637203992695,0.2182984556319744,0.0,4.869979970932866,0.0,333.61236122047137
2026-10-14,call,335.0,3.7,3.85,939.0,351,0.22168747070312497,8,3.7750000000000004,0.22079488898906344,0.22462349059989237,0.22845259854792943,0.0041508080087583376,0.21870163724180833,0.0,3.6590258597431666,0.0,333.61236122047137
2026-10-14,call,337.5,2.65,2.85,375.0,165,0.22101609069824218,8,2.75,0.21803592190158058,0.22335273108958673,0.22866715346935146,0.01158578649627642,0.21938150498716477,1.0,2.675287809306879,0.0,333.61236122047137
2026-10-14,call,340.0,1.84,1.94,2814.0,1434,0.21411918701171873,8,1.8900000000000001,0.2162635948708017,0.21931936235041566,0.2223771725894367,0.018965893793898982,0.22000113717032424,1.0,1.9011524203933752,0.0,333.61236122047137
2026-10-14,call,342.5,1.06,1.35,128.0,160,0.21436332519531248,8,1.205,0.20258145204828262,0.2128683027326328,0.22306471697327543,0.026291933885971893,0.22023828170672566,1.0,1.3098409422763406,0.0,333.61236122047137
2026-10-14,call,345.0,0.75,0.88,71.0,199,0.21192194335937498,8,0.815,0.20986564086669648,0.21550181313557693,0.22097628653784573,0.03356469321505167,0.2197847366962346,1.0,0.8658606303677203,0.0,333.61236122047137
2026-10-14,call,350.0,0.3,0.35,144.0,331,0.21070125244140625,8,0.32499999999999996,0.21283549718179898,0.21679027315266078,0.22063239531167542,0.047953430667151284,0.21563950388477818,1.0,0.31772871309477785,0.0,333.61236122047137
2026-10-14,put,315.0,0.31,0.37,21.0,169,0.2417068017578125,8,0.33999999999999997,0.24949351683560256,0.25483827611797977,0.2594821900284502,-0.05740708499067506,0.2549209123559493,1.0,0.34052733459880735,0.0,333.61236122047137
2026-10-14,put,322.5,0.88,1.07,95.0,116,0.22327436889648436,8,0.9750000000000001,0.22484527121082012,0.2327379083467198,0.24061771656769987,-0.033876587580480934,0.22674174864778768,1.0,0.902803206665915,0.0,333.61236122047137
2026-10-14,put,325.0,1.23,1.36,131.0,68,0.20850400878906244,8,1.295,0.21613250166714548,0.22065378038510336,0.2251701942900387,-0.026154541486570624,0.22235215647852682,1.0,1.3194331164223232,0.0,333.61236122047137
2026-10-14,put,327.5,1.79,2.09,136.0,100,0.21265435791015624,8,1.94,0.21217647403710696,0.2212449736554723,0.23029670474361827,-0.018491668741001496,0.2197471154772595,1.0,1.915216371948592,0.0,333.61236122047137
2026-10-14,put,330.0,2.35,2.69,73.0,142,0.19928779235839844,8,2.52,0.1981143015852077,0.2074239008674735,0.21672381094849802,-0.010887069355782184,0.2185242011206019,0.0,2.7229288094923314,0.0,333.61236122047137
2026-10-14,put,332.5,3.35,3.65,86.0,96,0.19409985595703128,8,3.5,0.19665699536611062,0.20431911974109862,0.2119796321078432,-0.0033398637203992695,0.2182984556319744,0.0,3.7737418761396633,0.0,333.61236122047137
2026-10-14,put,335.0,4.55,4.95,103.0,280,0.19373364868164064,8,4.75,0.19222742254313524,0.2024567355884176,0.21268763984077896,0.0041508080087583376,0.21870163724180833,0.0,5.067588303271576,0.0,333.61236122047137
2026-10-14,put,337.5,5.95,6.5,45.0,46,0.19385571777343752,8,6.225,0.18408883300528922,0.1993710567044756,0.21450039717088426,0.01158578649627642,0.21938150498716477,0.0,6.591215500760479,0.0,333.61236122047137
2026-10-14,put,340.0,7.55,8.05,70.0,96,0.18091639404296872,8,7.800000000000001,0.17035962624545523,0.18702419477442267,0.20284210266306416,0.018965893793898982,0.22000113717032424,0.0,8.327391061720363,0.0,333.61236122047137
2026-10-14,put,342.5,9.4,10.1,2.0,22,0.1848226049804687,8,9.75,0.14773304860738748,0.18199457334771815,0.20947397374235063,0.026291933885971893,0.22023828170672566,0.0,10.249177364567673,0.0,333.61236122047137
2026-10-14,put,345.0,11.5,12.25,1.0,1,0.18506674316406246,8,11.875,,0.172236545999274,0.21335660211356466,0.03356469321505167,0.2197847366962346,0.0,12.322473474170229,0.0,333.61236122047137
2026-10-14,put,347.5,13.75,14.4,,2,0.1682212084960938,8,14.075,,,0.2024332131669121,0.040784941188538745,0.21834575964861874,0.0,14.521267971058146,0.0,333.61236122047137
2026-10-30,call,240.0,92.75,96.4,1.0,39,0.7731956274414062,24,94.575,,,0.8628665669617864,-0.33303928405992234,,,,-0.02958110453108455,334.8485055831391
2026-10-30,call,245.0,87.75,91.4,20.0,13,0.7326686889648437,24,89.575,,,0.8175385887126791,-0.3124199968571867,,,,-0.02958110453108455,334.8485055831391
2026-10-30,call,250.0,82.8,86.35,1.0,59,0.6928741650390625,24,84.57499999999999,,,0.7681459977718261,-0.29221728953966714,,,,-0.02958110453108455,334.8485055831391
2026-10-30,call,255.0,77.7,81.35,4.0,74,0.6479527392578125,24,79.525,,,0.7247746851011654,-0.2724146622434874,,,,-0.02958110453108455,334.8485055831391
2026-10-30,call,260.0,72.85,76.55,1.0,6,0.6280554772949221,24,74.69999999999999,,0.3857994814899957,0.7007829926333533,-0.2529965763863859,,,,-0.02958110453108455,334.8485055831391
2026-10-30,call,265.0,67.9,71.6,1.0,14,0.5939982006835938,24,69.75,,0.38399036032233375,0.6618151431722491,-0.23394838141569144,,,,-0.02958110453108455,334.8485055831391
2026-10-30,call,270.0,62.95,66.5,1.0,28,0.5529829858398438,24,64.725,,0.3322996392130717,0.6109717835468984,-0.2152562484035389,,,,-0.02958110453108455,334.8485055831391
2026-10-30,call,275.0,58.0,61.6,1.0,35,0.5211229528808592,24,59.8,,0.3403905640147224,0.5777899914948931,-0.19690710973534226,,,,-0.02958110453108455,334.8485055831391
2026-10-30,call,280.0,52.95,56.6,1.0,58,0.6033975207519533,24,54.775000000000006,,0.2958634857430812,0.5354735655446643,-0.17888860423266398,0.3515522449890466,1.0,54.94751391214421,-0.02958110453108455,334.8485055831391
2026-10-30,call,285.0,48.05,51.1,2.0,70,0.5307664111328125,24,49.575,,,0.45584629515879826,-0.16118902713326308,0.33771834100319625,1.0,50.04156923039087,-0.02958110453108455,334.8485055831391
2026-10-30,call,290.0,43.15,46.25,6.0,131,0.49646499633789065,24,44.7,,,0.42803587173371455,-0.14379728442139392,0.32500420881076775,1.0,45.17524634403466,-0.02958110453108455,334.8485055831391
2026-10-30,call,295.0,38.45,41.2,11.0,230,0.4508111560058594,24,39.825,,0.22212648609447944,0.3847668168118447,-0.12670285106209384,0.31336752106784654,1.0,40.36083198569835,-0.02958110453108455,334.8485055831391
2026-10-30,call,300.0,33.75,36.7,7.0,181,0.4317073431396484,24,35.225,,0.26368725569270185,0.37688745146265107,-0.10989573274571263,0.30276804004783764,1.0,35.62705329432658,-0.02958110453108455,334.8485055831391
2026-10-30,call,305.0,29.5,31.55,101.0,71,0.38019418640136715,24,30.525,,0.2580167244545757,0.3266115535117501,-0.09336643079450196,0.2931674875053309,1.0,31.001608191290366,-0.02958110453108455,334.8485055831391
2026-10-30,call,310.0,24.65,27.2,1.0,134,0.3617007189941406,24,25.924999999999997,,0.24950386892101298,0.31804945610169305,-0.07710590992272168,0.28452942432289796,1.0,26.53064878870052,-0.02958110453108455,334.8485055831391
2026-10-30,call,315.0,21.15,23.2,26.0,417,0.350470362548828,24,22.174999999999997,0.2231662698749674,0.2725105874429325,0.3156716019563941,-0.06110556857628057,0.2768191390825587,1.0,22.271524852925033,-0.02958110453108455,334.8485055831391
2026-10-30,call,320.0,18.05,18.45,35.0,450,0.307074800415039,24,18.25,0.26107393784004745,0.26857499898361925,0.2758296968302922,-0.04535721160814142,0.2700035447893177,1.0,18.289306946428102,-0.02958110453108455,334.8485055831391
2026-10-30,call,325.0,13.9,15.0,280.0,452,0.30005582763671873,24,14.45,0.23933856112219604,0.25753687096212047,0.2753853591441345,-0.02985302507217619,0.26405108305029446,1.0,14.650502285393571,-0.02958110453108455,334.8485055831391
2026-10-30,call,330.0,11.25,11.5,959.0,1601,0.28162339477539056,24,11.375,0.2539549399426314,0.2577308912261265,0.26150547774883903,-0.014585552941387666,0.2589316350807246,1.0,11.414758251026702,-0.02958110453108455,334.8485055831391
2026-10-30,call,335.0,8.55,8.65,1440.0,2738,0.27136959106445313,24,8.600000000000001,0.25239238592881025,0.2538528899767565,0.25531345267049477,0.000452324423152828,0.2546164389685076,1.0,8.626139239476492,-0.02958110453108455,334.8485055831391
2026-10-30,call,340.0,6.2,6.45,1745.0,2211,0.2678906219482422,24,6.325,0.24765913892341104,0.2514470073483441,0.25523268125523163,0.015267410208293555,0.25107801268288654,1.0,6.312865503985361,-0.02958110453108455,334.8485055831391
2026-10-30,call,345.0,4.4,4.6,415.0,2064,0.26258061645507813,24,4.5,0.24566539883311186,0.24889888245545655,0.2521354803797788,0.029866209629446108,0.24829008236104774,1.0,4.481189212304245,-0.02958110453108455,334.8485055831391
2026-10-30,call,350.0,3.0,3.15,1492.0,3962,0.25739268005371096,24,3.075,0.24349698180214052,0.2461917947915229,0.24888973739576192,0.0442549470815458,0.24622751544957422,1.0,3.075993608060689,-0.02958110453108455,334.8485055831391
2026-10-30,call,355.0,1.88,2.15,244.0,2785,0.2561109545898438,24,2.0149999999999997,0.23731707026846363,0.24350824233664425,0.24934120311100516,0.05843958207350211,0.24486625831637052,1.0,2.0445256556018556,-0.02958110453108455,334.8485055831391
2026-10-30,call,360.0,1.27,1.35,430.0,2955,0.25098405273437496,24,1.31,0.24089411317375573,0.24315009086166006,0.24541147702142593,0.07242582404824208,0.2441832779833995,1.0,1.3282831775971669,-0.02958110453108455,334.8485055831391
2026-10-30,call,365.0,0.83,0.86,88.0,3306,0.2500075,24,0.845,0.24330236766180796,0.24438650935331308,0.24547319371365162,0.08621914618057779,0.24415650766178698,1.0,0.8418232827183468,-0.02958110453108455,334.8485055831391
2026-10-30,put,280.0,0.23,0.28,13.0,139,0.344733115234375,24,0.255,0.348203022409784,0.3541223825508375,0.359614547975661,-0.17888860423266398,0.3515522449890466,1.0,0.2441333050551626,-0.02958110453108455,334.8485055831391
2026-10-30,put,285.0,0.29,0.35,13.0,210,0.327155166015625,24,0.31999999999999995,0.3308359977325763,0.336645931761315,0.34190895341971606,-0.16118902713326308,0.33771834100319625,1.0,0.32555831994291273,-0.02958110453108455,334.8485055831391
2026-10-30,put,290.0,0.41,0.48,42.0,710,0.3149482568359374,24,0.44499999999999995,0.3200280386498875,0.32474606264847267,0.3294472310546114,-0.14379728442139392,0.32500420881076775,1.0,0.44691726474882115,-0.02958110453108455,334.8485055831391
2026-10-30,put,295.0,0.59,0.65,14.0,559,0.30152065673828127,24,0.62,0.3099217185286603,0.3133050551535133,0.3166780304621377,-0.12670285106209384,0.31336752106784654,1.0,0.6205397677692133,-0.02958110453108455,334.8485055831391
2026-10-30,put,300.0,0.85,0.89,95.0,1387,0.288947540283203,24,0.87,0.30063277362257923,0.3022983712386694,0.30396213284548923,-0.10989573274571263,0.30276804004783764,1.0,0.8756394463792899,-0.02958110453108455,334.8485055831391
2026-10-30,put,305.0,1.2,1.27,71.0,978,0.2794261511230468,24,1.2349999999999999,0.29059027570114754,0.29282447829378044,0.2950555947729268,-0.09336643079450196,0.2931674875053309,1.0,1.2403757468788605,-0.02958110453108455,334.8485055831391
2026-10-30,put,310.0,1.71,1.85,113.0,1333,0.27259028198242186,24,1.78,0.2818287212427701,0.2854664771767616,0.2890166978865554,-0.07710590992272168,0.28452942432289796,1.0,1.7615429651170103,-0.02958110453108455,334.8485055831391
2026-10-30,put,315.0,2.45,2.58,372.0,2117,0.2629468237304688,24,2.515,0.2747762680396449,0.27755653433888405,0.2802865833407176,-0.06110556857628057,0.2768191390825587,1.0,2.4974537036315514,-0.02958110453108455,334.8485055831391
2026-10-30,put,320.0,3.4,3.65,2582.0,2106,0.2564771618652344,24,3.525,0.26585556944210537,0.27037836777818,0.2748970500073573,-0.04535721160814142,0.2700035447893177,1.0,3.514605196546462,-0.02958110453108455,334.8485055831391
2026-10-30,put,325.0,4.85,5.05,121.0,888,0.24964129272460936,24,4.949999999999999,0.2630283643444848,0.26626607475492187,0.26950169276920627,-0.02985302507217619,0.26405108305029446,1.0,4.881577436175707,-0.02958110453108455,334.8485055831391
2026-10-30,put,330.0,6.6,6.85,200.0,967,0.24280542358398435,24,6.725,0.2570912152228629,0.2608642486787098,0.2646360597058046,-0.014585552941387666,0.2589316350807246,1.0,6.660967012804846,-0.02958110453108455,334.8485055831391
2026-10-30,put,335.0,8.75,9.0,136.0,615,0.23316196533203126,24,8.875,0.2501829024472737,0.25385372286042773,0.25752425797297473,0.000452324423152828,0.2546164389685076,1.0,8.90093110804009,-0.02958110453108455,334.8485055831391
2026-10-30,put,340.0,11.35,11.85,97.0,667,0.22980506530761718,24,11.6,0.24233944069978564,0.2500179682373952,0.25769742355775477,0.015267410208293555,0.25107801268288654,1.0,11.63447152868569,-0.02958110453108455,334.8485055831391
2026-10-30,put,345.0,14.25,15.5,27.0,305,0.23731231445312498,24,14.875,0.22748044111401944,0.24850717599173425,0.26936348998045845,0.029866209629446108,0.24829008236104774,1.0,14.868464368716646,-0.02958110453108455,334.8485055831391
2026-10-30,put,350.0,17.35,19.7,5.0,93,0.25269302001953126,24,18.525,0.19293843410565764,0.24502515304912595,0.2889096231446732,0.0442549470815458,0.24622751544957422,1.0,18.55589183076112,-0.02958110453108455,334.8485055831391
2026-10-30,put,355.0,21.3,23.65,1.0,17,0.24829853271484376,24,22.475,,0.23556419775259466,0.2902818250454167,0.05843958207350211,0.24486625831637052,1.0,22.648055128957086,-0.02958110453108455,334.8485055831391
2026-10-30,put,360.0,25.65,27.85,2.0,40,0.24085231811523436,24,26.75,,0.21125018372216126,0.29039799296964874,0.07242582404824208,0.2441832779833995,1.0,27.08324841772414,-0.02958110453108455,334.8485055831391
2026-10-30,put,365.0,30.45,32.6,1.0,4,0.25440198730468755,24,31.525,,,0.3100630819824295,0.08621914618057779,0.24415650766178698,1.0,31.781845448978352,-0.02958110453108455,334.8485055831391
2026-10-30,put,370.0,34.45,38.1,35.0,17,0.3154365332031249,24,36.275000000000006,,,0.3710932221559154,0.09982479823635648,,,,-0.02958110453108455,334.8485055831391
2026-10-30,put,375.0,39.3,43.0,1.0,0,0.3375310388183594,24,41.15,,,0.3969512461203017,0.11324781856849725,,,,-0.02958110453108455,334.8485055831391
2026-10-30,put,380.0,44.75,48.05,31.0,38,0.36829244995117194,24,46.4,,,0.43074619700119066,0.12649304531851777,,,,-0.02958110453108455,334.8485055831391
2026-10-30,put,390.0,54.3,58.05,2.0,0,0.42078215942382813,24,56.175,,,0.48901306308399867,0.1524685317217784,,,,-0.02958110453108455,334.8485055831391
2026-11-20,call,235.0,98.2,101.25,5.0,168,0.614261669921875,45,99.725,,,0.6179182668115746,-0.3559474097614105,,,,-0.018690808062963454,335.47013092386004
2026-11-20,call,240.0,93.35,95.7,1.0,409,0.5650678259277344,45,94.525,,,0.5235866606170358,-0.33489400056357815,,,,-0.018690808062963454,335.47013092386004
2026-11-20,call,245.0,88.3,91.2,1.0,1844,0.5553022985839844,45,89.75,,,0.5482255255876666,-0.31427471336084245,,,,-0.018690808062963454,335.47013092386004
2026-11-20,call,250.0,84.0,86.05,3.0,488,0.5465133239746094,45,85.025,,,0.5017181510165752,-0.294072006043323,0.3823754153417828,1.0,85.24418294001389,-0.018690808062963454,335.47013092386004
2026-11-20,call,255.0,78.3,80.85,33.0,1257,0.5689740368652343,45,79.57499999999999,,,0.45085667023637954,-0.2742693787471433,0.37150650174059396,1.0,80.31846802814408,-0.018690808062963454,335.47013092386004
2026-11-20,call,260.0,73.5,76.1,5.0,1074,0.5506636730957033,45,74.8,,,0.44601202888124164,-0.2548512928900417,0.36084178901593217,1.0,75.40594686172696,-0.018690808062963454,335.47013092386004
2026-11-20,call,265.0,68.9,70.75,4.0,1084,0.4995167236328125,45,69.825,,,0.381634772568878,-0.23580309791934723,0.3504319836196016,1.0,70.5108205340202,-0.018690808062963454,335.47013092386004
2026-11-20,call,270.0,64.2,66.15,5.0,6478,0.4886525744628907,45,65.17500000000001,,0.23055979050314662,0.39118214167650994,-0.21711096490719467,0.34032171143437173,1.0,65.6386154796638,-0.018690808062963454,335.47013092386004
2026-11-20,call,275.0,58.9,61.5,11.0,3000,0.47290566162109376,45,60.2,,0.21292840439493946,0.3883227237710296,-0.19876182623899816,0.3305501792739612,1.0,60.79645637518548,-0.018690808062963454,335.47013092386004
2026-11-20,call,280.0,54.2,56.3,2.0,2024,0.4317683776855469,45,55.25,,0.21015923034681597,0.34484123025927355,-0.18074332073631982,0.3211517593590757,1.0,55.99333372044114,-0.018690808062963454,335.47013092386004
2026-11-20,call,285.0,49.35,51.45,1.0,2123,0.4061338684082031,45,50.400000000000006,,0.22582840118331593,0.32612599411446797,-0.1630437436369189,0.3121565066214678,1.0,51.24034421789357,-0.018690808062963454,335.47013092386004
2026-11-20,call,290.0,45.75,47.3,8.0,1772,0.40607283386230464,45,46.525,0.24568329076336862,0.30198436412352364,0.34261080283397827,-0.1456520009250497,0.3035906173032831,1.0,46.55087853883383,-0.018690808062963454,335.47013092386004
2026-11-20,call,295.0,41.8,42.25,7.0,1362,0.37055072814941403,45,42.025,0.2879110171620579,0.29884913474802594,0.30951360714844184,-0.1285575675657496,0.2954768361468509,1.0,41.954078888003274,-0.018690808062963454,335.47013092386004
2026-11-20,call,300.0,36.85,38.2,57.0,6390,0.36713279357910156,45,37.525000000000006,0.26054255522670705,0.2903312063559264,0.31672935506357086,-0.11175044924936837,0.28783481847517306,1.0,37.46551676085552,-0.018690808062963454,335.47013092386004
2026-11-20,call,305.0,32.7,33.6,4.0,3554,0.34314621704101556,45,33.150000000000006,0.26552634848696677,0.28229041087495055,0.29761959548743994,-0.0952211472981578,0.28068145261660044,1.0,33.1036671259184,-0.018690808062963454,335.47013092386004
2026-11-20,call,310.0,28.2,29.55,18.0,13416,0.3320379296875,45,28.875,0.2506464108166772,0.2722906362178644,0.2931863575163474,-0.0789606264263775,0.2740311474046498,1.0,28.930958374460054,-0.018690808062963454,335.47013092386004
2026-11-20,call,315.0,24.2,25.4,16.0,5603,0.31445998046874996,45,24.799999999999997,0.24663818437541807,0.26378772401759504,0.28011320917901567,-0.06296028507993635,0.2678960888658367,1.0,24.944267342794753,-0.018690808062963454,335.47013092386004
2026-11-20,call,320.0,20.8,21.45,60.0,6702,0.2979196185302734,45,21.125,0.2516002926703267,0.25975421797088644,0.26789064650592165,-0.04721192811179719,0.2622864696784095,1.0,21.226040520197955,-0.018690808062963454,335.47013092386004
2026-11-20,call,325.0,17.6,18.1,58.0,10850,0.29041236938476556,45,17.85,0.2531927484728717,0.25892482778781806,0.26465133012009096,-0.031707741575831935,0.25721069452935486,1.0,17.775247332302797,-0.018690808062963454,335.47013092386004
2026-11-20,call,330.0,14.6,14.9,839.0,11409,0.2805247729492187,45,14.75,0.2517188856373874,0.2550241886194362,0.2583286708133723,-0.016440269445043496,0.25267556410466474,1.0,14.643411570007881,-0.018690808062963454,335.47013092386004
2026-11-20,call,335.0,11.8,12.1,484.0,8452,0.2731395928955078,45,11.95,0.24726946781169287,0.25047773191003564,0.2536861999976299,-0.0014023920805029807,0.24868644010911847,1.0,11.86625147713116,-0.018690808062963454,335.47013092386004
2026-11-20,call,340.0,9.4,9.65,695.0,12026,0.2666699310302735,45,9.525,0.24440075052230517,0.24710041176808842,0.24980088858006505,0.013412693704637551,0.24524739341879884,1.0,9.439205882818591,-0.018690808062963454,335.47013092386004
2026-11-20,call,345.0,7.35,7.55,3998.0,7351,0.2610242355346679,45,7.449999999999999,0.24197293025239452,0.24424209074290137,0.24646056475031988,0.028011493125790345,0.24236133721554473,1.0,7.367119493043974,-0.018690808062963454,335.47013092386004
2026-11-20,call,350.0,5.6,5.85,928.0,17209,0.2574537145996094,45,5.725,0.23859771150379996,0.2415187242162417,0.24444139227042885,0.042400230577889844,0.24003014673191597,1.0,5.661336434575791,-0.018690808062963454,335.47013092386004
2026-11-20,call,355.0,4.25,4.4,6087.0,13421,0.25299819274902346,45,4.325,0.23750586665735451,0.23945960258463608,0.24141526105279212,0.05658486556984639,0.23825476704325502,1.0,4.278813966214724,-0.018690808062963454,335.47013092386004
2026-11-20,call,360.0,3.15,3.2,1696.0,17900,0.24781025634765624,45,3.175,0.2361055561488406,0.236861594293091,0.23761796778186492,0.07057110754458618,0.2370353101760527,1.0,3.180742719634347,-0.018690808062963454,335.47013092386004
2026-11-20,call,365.0,2.3,2.38,1842.0,8328,0.24701680725097658,45,2.34,0.23533945147161112,0.2366497092850977,0.23796116334262093,0.08436442967692209,0.23637114265563816,1.0,2.3314990728135654,-0.018690808062963454,335.47013092386004
2026-11-20,call,370.0,1.69,1.72,1291.0,10673,0.24536887451171874,45,1.705,0.23585895140279764,0.2364679352705335,0.23707422807851083,0.09797008173270062,0.23626096448832173,1.0,1.6999430207114556,-0.018690808062963454,335.47013092386004
2026-11-20,call,375.0,1.18,1.23,270.0,4946,0.2442702526855469,45,1.205,0.2343519012456632,0.23564969814729106,0.23694984035772643,0.11139310206484142,0.2367028804610363,1.0,1.2252680776140268,-0.018690808062963454,335.47013092386004
2026-11-20,call,380.0,0.79,0.88,189.0,6643,0.2442702526855469,45,0.835,0.23197607740557757,0.2348309504285677,0.23749697703178313,0.12463832881486195,0.23769446454314136,0.0,0.8833286261656023,-0.018690808062963454,335.47013092386004
2026-11-20,call,385.0,0.58,0.63,75.0,2092,0.24488059814453128,45,0.605,0.23476425564594008,0.23678897011806738,0.2388145467050125,0.13771041038221482,0.2392328180885573,0.0,0.6351552521011771,-0.018690808062963454,335.47013092386004
2026-11-20,call,390.0,0.45,0.46,97.0,5147,0.24683370361328127,45,0.455,0.24023516236543802,0.24071320835224236,0.24119151496765906,0.15061381521812262,0.2413146224602353,0.0,0.4612839587898947,-0.018690808062963454,335.47013092386004
2026-11-20,call,395.0,0.29,0.34,8.0,1642,0.24951922363281248,45,0.315,0.23802595495520287,0.24149351965831622,0.244392738276553,0.16335284099555247,0.2439361866318069,1.0,0.3359975421474052,-0.018690808062963454,335.47013092386004
2026-11-20,call,400.0,0.22,0.25,371.0,37275,0.25196060546875,45,0.235,0.24245360539975097,0.24498678441433044,0.24749162467736224,0.17593162320241248,0.24709349026194244,1.0,0.24741545557819936,-0.018690808062963454,335.47013092386004
2026-11-20,call,405.0,0.16,0.2,11.0,163,0.25757578369140627,45,0.18,0.24527409793975893,0.24943948192849,0.25333636964680023,0.18835414320096974,0.25078222268449607,1.0,0.18642396370090378,-0.018690808062963454,335.47013092386004
2026-11-20,call,410.0,0.13,0.16,49.0,1748,0.2629468237304688,45,0.14500000000000002,0.25166636513371327,0.25557187672597276,0.2588548709823176,0.200624235792784,0.2549978182110607,1.0,0.14279759479842696,-0.018690808062963454,335.47013092386004
2026-11-20,call,420.0,0.1,0.11,192.0,6559,0.27539787109374997,45,0.10500000000000001,0.2683685276368927,0.2700063427113516,0.2716488492261607,0.2247217873718445,0.2649902495203871,0.0,0.08965793655331902,-0.018690808062963454,335.47013092386004
2026-11-20,put,250.0,0.2,0.24,12.0,7115,0.38233039550781245,45,0.22,0.38365531182684853,0.38917036546148537,0.393801857187609,-0.294072006043323,0.3823754153417828,0.0,0.19537462232893166,-0.018690808062963454,335.47013092386004
2026-11-20,put,255.0,0.25,0.31,10.0,6254,0.37354142089843745,45,0.28,0.3725354531529478,0.3791672991366645,0.3849732462052377,-0.2742693787471433,0.37150650174059396,0.0,0.24535954222685913,-0.018690808062963454,335.47013092386004
2026-11-20,put,260.0,0.31,0.35,40.0,6373,0.3566958862304687,45,0.32999999999999996,0.36108559929119843,0.3646707880311054,0.3682453783609238,-0.2548512928900417,0.36084178901593217,0.0,0.30864126868565384,-0.018690808062963454,335.47013092386004
2026-11-20,put,265.0,0.39,0.42,38.0,6655,0.3435124243164062,45,0.405,0.3505102974635735,0.35270907608120283,0.35490435149135047,-0.23580309791934723,0.3504319836196016,0.0,0.3894575499036436,-0.018690808062963454,335.47013092386004
2026-11-20,put,270.0,0.47,0.51,47.0,7965,0.33081723876953123,45,0.49,0.33748916019244146,0.3399122096456772,0.3423322091418301,-0.21711096490719467,0.34032171143437173,1.0,0.4933841762089573,-0.018690808062963454,335.47013092386004
2026-11-20,put,275.0,0.6,0.65,86.0,5379,0.3210517114257812,45,0.625,0.3277643051962073,0.3302861575689141,0.3328034707903459,-0.19876182623899816,0.3305501792739612,1.0,0.6276148884563834,-0.018690808062963454,335.47013092386004
2026-11-20,put,280.0,0.78,0.8,80.0,8987,0.3090889404296875,45,0.79,0.31934917005718333,0.3201975213511613,0.3210453916099758,-0.18074332073631982,0.3211517593590757,0.0,0.8012423391600041,-0.018690808062963454,335.47013092386004
2026-11-20,put,285.0,0.97,1.03,810.0,5370,0.3001778967285156,45,1.0,0.3081580912593085,0.3103202310609379,0.3124775919201875,-0.1630437436369189,0.3121565066214678,1.0,1.0255407914864785,-0.018690808062963454,335.47013092386004
2026-11-20,put,290.0,1.25,1.32,204.0,7046,0.2910227148437499,45,1.2850000000000001,0.29963432000275236,0.30179104064118095,0.3039405100367539,-0.1456520009250497,0.3035906173032831,1.0,1.3142701131064294,-0.018690808062963454,335.47013092386004
2026-11-20,put,295.0,1.6,1.67,464.0,6561,0.28113511840820304,45,1.635,0.2908859167599032,0.29254919239785726,0.29421057701407366,-0.1285575675657496,0.2954768361468509,0.0,1.696701630140852,-0.018690808062963454,335.47013092386004
2026-11-20,put,300.0,2.12,2.2,577.0,19844,0.27472649108886715,45,2.16,0.28497779128091694,0.2866469794731696,0.2883189006385385,-0.11175044924936837,0.28783481847517306,1.0,2.1883857396864266,-0.018690808062963454,335.47013092386004
2026-11-20,put,305.0,2.69,2.83,387.0,5366,0.2668530346679688,45,2.76,0.27624830707045417,0.2788473299906826,0.2813924827124154,-0.0952211472981578,0.28068145261660044,1.0,2.80961296339891,-0.018690808062963454,335.47013092386004
2026-11-20,put,310.0,3.55,3.7,351.0,16676,0.26142096008300786,45,3.625,0.271818609225154,0.27413827961126025,0.27645519828166315,-0.0789606264263775,0.2740311474046498,1.0,3.6214837694530466,-0.018690808062963454,335.47013092386004
2026-11-20,put,315.0,4.6,4.75,356.0,10987,0.25501233276367197,45,4.675,0.26721603032884866,0.26926700326186775,0.2712694848079433,-0.06296028507993635,0.2678960888658367,1.0,4.624227493348871,-0.018690808062963454,335.47013092386004
2026-11-20,put,320.0,5.95,6.05,317.0,7269,0.2488173263549805,45,6.0,0.2635751602218198,0.2648213466434829,0.26606713145616673,-0.04721192811179719,0.2622864696784095,0.0,5.898280778860242,-0.018690808062963454,335.47013092386004
2026-11-20,put,325.0,7.4,7.7,232.0,3878,0.24420921813964847,45,7.550000000000001,0.2561228169965929,0.25955398136531094,0.2629832060538953,-0.031707741575831935,0.25721069452935486,1.0,7.447620488279328,-0.018690808062963454,335.47013092386004
2026-11-20,put,330.0,9.3,9.45,166.0,5918,0.23493196716308595,45,9.375,0.2521806103540191,0.2538318312729882,0.255482693919605,-0.016440269445043496,0.25267556410466474,1.0,9.322479877173208,-0.018690808062963454,335.47013092386004
2026-11-20,put,335.0,11.65,11.8,160.0,3620,0.2312698944091797,45,11.725000000000001,0.2505803942238347,0.2521905144122753,0.25380063196654246,-0.0014023920805029807,0.24868644010911847,0.0,11.561777257309009,-0.018690808062963454,335.47013092386004
2026-11-20,put,340.0,14.1,14.4,27.0,3813,0.22516643981933593,45,14.25,0.2438296211903309,0.24710062728698656,0.25037176481171197,0.013412693704637551,0.24524739341879884,1.0,14.16498881465456,-0.018690808062963454,335.47013092386004
2026-11-20,put,345.0,16.95,17.4,102.0,1429,0.21973436523437498,45,17.174999999999997,0.23796401757176394,0.24316863246031045,0.24828017615870612,0.028011493125790345,0.24236133721554473,1.0,17.14007772111387,-0.018690808062963454,335.47013092386004
2026-11-20,put,350.0,19.95,20.65,8.0,777,0.21131159790039059,45,20.299999999999997,0.22633411683685234,0.23520093994422778,0.24375492633874216,0.042400230577889844,0.24003014673191597,1.0,20.497300305887588,-0.018690808062963454,335.47013092386004
2026-11-20,put,355.0,23.65,25.3,2.0,261,0.23212437805175778,45,24.475,0.22244726648434912,0.2458738578938587,0.2679682363798951,0.05658486556984639,0.23825476704325502,1.0,24.202170442285226,-0.018690808062963454,335.47013092386004
2026-11-20,put,360.0,27.35,29.15,2.0,467,0.22522747436523435,45,28.25,0.20425229660760028,0.23805851506631473,0.26629417864333443,0.07057110754458618,0.2370353101760527,1.0,28.22009884377731,-0.018690808062963454,335.47013092386004
2026-11-20,put,365.0,31.3,32.75,1.0,125,0.19507640869140624,45,32.025,,0.21177947223910992,0.24585264967997178,0.08436442967692209,0.23637114265563816,1.0,32.51702351352897,-0.018690808062963454,335.47013092386004
2026-11-20,put,370.0,36.15,37.9,1.0,200,0.22339643798828124,45,37.025,,0.23417468651992301,0.27650356309077556,0.09797008173270062,0.23626096448832173,1.0,37.05879821420714,-0.018690808062963454,335.47013092386004
2026-11-20,put,375.0,40.9,42.55,5.0,57,0.2249833361816406,45,41.724999999999994,,0.22785508587704792,0.28475735648692085,0.11139310206484142,0.2367028804610363,1.0,41.79319148114506,-0.018690808062963454,335.47013092386004
2026-11-20,put,380.0,45.6,47.4,1.0,0,0.23413851806640623,45,46.5,,,0.29927493176856956,0.12463832881486195,0.23769446454314136,1.0,46.686767779026596,-0.018690808062963454,335.47013092386004
2026-11-20,put,385.0,50.3,52.65,6.0,0,0.26868407104492187,45,51.474999999999994,,,0.33361257112812226,0.13771041038221482,0.2392328180885573,1.0,51.67999267578125,-0.018690808062963454,335.47013092386004
2026-11-20,put,390.0,54.5,57.65,5.0,0,0.2867502966308593,45,56.075,,,0.3547271667208316,0.15061381521812262,0.2413146224602353,1.0,56.67999267578125,-0.018690808062963454,335.47013092386004
2026-11-20,put,400.0,64.5,68.15,4.0,0,0.352545537109375,45,66.325,,,0.42042343914422575,0.17593162320241248,0.24709349026194244,1.0,66.67999267578125,-0.018690808062963454,335.47013092386004
2026-11-20,put,410.0,74.6,77.65,1.0,0,0.3548648498535155,45,76.125,,,0.4339417278360138,0.200624235792784,0.2549978182110607,1.0,76.67999267578125,-0.018690808062963454,335.47013092386004
2027-01-15,call,240.0,96.1,97.95,23.0,9104,0.5283250292968751,101,97.025,,0.29223182986240526,0.3890548083544156,-0.3421306272786867,0.34145349781683487,1.0,97.37955002506764,-0.012303269977672199,337.90660834127567
2027-01-15,call,245.0,90.55,93.45,2.0,3312,0.5192308819580078,101,92.0,,0.2583068366516616,0.3959459455093463,-0.32151134007595095,0.33408846937706943,1.0,92.54589983168933,-0.012303269977672199,337.90660834127567
2027-01-15,call,250.0,86.4,88.6,10.0,24486,0.49835706726074225,101,87.5,,0.30720451742813704,0.38041001963793325,-0.30130863275843156,0.32695493860240504,1.0,87.7332811243164,-0.012303269977672199,337.90660834127567
2027-01-15,call,255.0,81.1,83.75,15.0,6365,0.477544287109375,101,82.425,,0.27712693508592184,0.3650675185396694,-0.2815060054622518,0.32005924956889353,1.0,82.94629246414843,-0.012303269977672199,337.90660834127567
2027-01-15,call,260.0,76.6,78.7,106.0,11566,0.45111632873535157,101,77.65,,0.2763416098519395,0.3397815669352449,-0.2620879196051503,0.3134064537284684,1.0,78.19440974595835,-0.012303269977672199,337.90660834127567
2027-01-15,call,265.0,72.4,74.0,101.0,3883,0.4343928631591797,101,73.2,0.23010003580333346,0.29194553324991535,0.3307251252956632,-0.24303972463445575,0.3070004728609008,1.0,73.48620562481786,-0.012303269977672199,337.90660834127567
2027-01-15,call,270.0,67.9,69.75,16.0,9181,0.4283504431152344,101,68.825,0.2523480030263604,0.3008267117984127,0.33718493214028994,-0.22434759162230314,0.30084424134733084,1.0,68.82535597950873,-0.012303269977672199,337.90660834127567
2027-01-15,call,275.0,62.65,64.75,73.0,2280,0.4030211065673829,101,63.7,0.21295247936529887,0.27365144994936436,0.3140822121522689,-0.20599845295410668,0.29493983058602136,1.0,64.221275359983,-0.012303269977672199,337.90660834127567
2027-01-15,call,280.0,59.35,60.05,150.0,31456,0.38471074279785156,101,59.7,0.277909203272297,0.289801205998512,0.3015539651842394,-0.18797994745142832,0.28928855795259745,1.0,59.684848656209894,-0.012303269977672199,337.90660834127567
2027-01-15,call,285.0,55.05,55.6,1.0,3164,0.3712221081542969,101,55.325,0.27855736748692056,0.28676774692732365,0.2949382230309919,-0.17028037035202745,0.28389108235602917,1.0,55.22843411256778,-0.012303269977672199,337.90660834127567
2027-01-15,call,290.0,50.8,52.0,3.0,10657,0.37354142089843745,101,51.4,0.27699992250234706,0.2928747087026666,0.30736662320597813,-0.1528886276401582,0.27874748814627426,1.0,50.865790517035684,-0.012303269977672199,337.90660834127567
2027-01-15,call,295.0,45.65,46.95,59.0,8025,0.3458317370605468,101,46.3,0.25002569092037596,0.26639186414934657,0.28191140304804146,-0.13579419428085818,0.2738573588802864,1.0,46.61191753785749,-0.012303269977672199,337.90660834127567
2027-01-15,call,300.0,42.45,42.85,222.0,64441,0.33530327789306635,101,42.650000000000006,0.2685071725781467,0.2728391271984267,0.27715869800763926,-0.11898707596447688,0.26921984224222395,1.0,42.48280297755767,-0.012303269977672199,337.90660834127567
2027-01-15,call,305.0,38.45,38.9,12.0,5094,0.32569033691406246,101,38.675,0.2639383605306772,0.2684034919511687,0.272859271939171,-0.10245777401326639,0.2648337072348049,1.0,38.495076869803015,-0.012303269977672199,337.90660834127567
2027-01-15,call,310.0,33.9,35.15,125.0,27876,0.31748119049072265,101,34.525,0.2465882010542902,0.25811340615358686,0.26958034070997494,-0.08619725314148602,0.26069739460660374,1.0,34.66557944860007,-0.012303269977672199,337.90660834127567
2027-01-15,call,315.0,30.7,31.55,30.0,13896,0.3095466995239258,101,31.125,0.2514695405270013,0.25876661514744187,0.26604531226171535,-0.07019691179504484,0.2568090613503641,1.0,31.010857502733387,-0.012303269977672199,337.90660834127567
2027-01-15,call,320.0,27.1,28.2,893.0,34062,0.3031991067504882,101,27.65,0.24593352831044665,0.25483910059692055,0.2635678604765753,-0.054448554826905735,0.2531666199965414,1.0,27.546610806562384,-0.012303269977672199,337.90660834127567
2027-01-15,call,325.0,24.05,24.65,64.0,8440,0.29148047393798815,101,24.35,0.24599729053113123,0.25052902621547735,0.25505695014258234,-0.038944368290940425,0.24976777333133152,1.0,24.299557081332278,-0.012303269977672199,337.90660834127567
2027-01-15,call,330.0,21.0,21.5,330.0,22392,0.28321029296874994,101,21.25,0.24246221534565046,0.24612900147504385,0.24979448572180177,-0.023676896160152054,0.24661004508692938,1.0,21.28276277741503,-0.012303269977672199,337.90660834127567
2027-01-15,call,335.0,18.25,18.7,503.0,7031,0.2772899420166015,101,18.475,0.24016588283618634,0.24340059610025097,0.2466353583158065,-0.00863901879561149,0.24369080708163926,1.0,18.495196366769644,-0.012303269977672199,337.90660834127567
2027-01-15,call,340.0,15.8,16.0,375.0,10276,0.26996579650878905,101,15.9,0.23897996824429707,0.24040307423561744,0.24182640174646552,0.006176066989529199,0.24100730322701536,1.0,15.942586090171224,-0.012303269977672199,337.90660834127567
2027-01-15,call,345.0,13.55,13.75,100.0,7091,0.26615113739013674,101,13.65,0.23745762685036664,0.23888046027926826,0.24030373697427185,0.02077486641068182,0.23855667076700468,1.0,13.627254096781353,-0.012303269977672199,337.90660834127567
2027-01-15,call,350.0,11.5,11.7,926.0,55206,0.2622144091796875,101,11.6,0.23564721790501833,0.23708386585890534,0.23852119338774758,0.03516360386278137,0.23633595906888935,1.0,11.547991370019178,-0.012303269977672199,337.90660834127567
2027-01-15,call,355.0,9.6,9.8,223.0,14828,0.25748423187255864,101,9.7,0.23253313955236207,0.2340724530198134,0.23561282984850926,0.04934823885473774,0.23434214624666033,1.0,9.717510311093067,-0.012303269977672199,337.90660834127567
2027-01-15,call,360.0,8.0,8.3,124.0,35672,0.2558973336791992,101,8.15,0.23066215645783397,0.23306392391577208,0.23546900492451878,0.06333448082947779,0.23257215386344085,1.0,8.119332859020329,-0.012303269977672199,337.90660834127567
2027-01-15,call,365.0,6.6,6.85,296.0,5816,0.25214370910644535,101,6.725,0.22883930280360884,0.23094155149534815,0.23304686626210422,0.07712780296181354,0.23102285992998683,1.0,6.72983533190603,-0.012303269977672199,337.90660834127567
2027-01-15,call,370.0,5.35,5.6,153.0,10487,0.2486647399902344,101,5.475,0.22639544580061433,0.22862448542324784,0.2308576135234825,0.09073345501759211,0.22969111039050477,1.0,5.534731369094574,-0.012303269977672199,337.90660834127567
2027-01-15,call,375.0,4.45,4.65,110.0,5484,0.2477492218017578,101,4.550000000000001,0.22727248246438195,0.2291872593426777,0.23110544137377828,0.10415647534973295,0.2285737292645205,1.0,4.517979082316129,-0.012303269977672199,337.90660834127567
2027-01-15,call,380.0,3.5,3.75,332.0,12241,0.24500266723632813,101,3.625,0.2240501910385818,0.22689228677795753,0.22948725663158906,0.11740170209975354,0.22766752759385728,1.0,3.6623792878239945,-0.012303269977672199,337.90660834127567
2027-01-15,call,385.0,2.88,3.1,110.0,8372,0.24500266723632813,101,2.99,0.22499946636225068,0.2278139893031633,0.23037856700792128,0.13047378366710624,0.2269693113265545,1.0,2.9570196006257126,-0.012303269977672199,337.90660834127567
2027-01-15,call,390.0,2.29,2.47,141.0,6053,0.24277490631103515,101,2.38,0.22393385794007273,0.2265042429934793,0.22908423412983886,0.1433771885030141,0.22647588825445622,1.0,2.378994692268419,-0.012303269977672199,337.90660834127567
2027-01-15,call,395.0,1.85,1.99,94.0,2091,0.24195093994140626,101,1.92,0.22438597269019656,0.22664378067300078,0.22890846598621822,0.15611621428044398,0.2261840741079368,1.0,1.9057126350107678,-0.012303269977672199,337.90660834127567
2027-01-15,call,400.0,1.48,1.58,479.0,11513,0.24066921447753903,101,1.53,0.2245659801769029,0.22640570357658638,0.22825044279901877,0.16869499648730404,0.2260906978995724,1.0,1.5214487187584917,-0.012303269977672199,337.90660834127567
2027-01-15,call,410.0,0.93,1.0,503.0,4141,0.2395095581054687,101,0.9650000000000001,0.22481160305569986,0.22654098682171286,0.22827451840219937,0.19338760907767544,0.2264866692065695,1.0,0.9639122826650234,-0.012303269977672199,337.90660834127567
2027-01-15,call,420.0,0.57,0.64,207.0,3674,0.2399978344726562,101,0.605,0.22488896026530747,0.22730873001844545,0.2297393366200926,0.21748516065673604,0.22763886312183482,1.0,0.6097623375278598,-0.012303269977672199,337.90660834127567
2027-01-15,call,430.0,0.35,0.41,10.0,6849,0.24097438720703124,101,0.38,0.22574574936105893,0.22877658070826878,0.23158383949644545,0.24101565806693023,0.2295227955592538,1.0,0.3873565088165556,-0.012303269977672199,337.90660834127567
2027-01-15,put,240.0,0.54,0.58,9.0,59488,0.331061376953125,101,0.56,0.33981313201413166,0.3419666976395612,0.3441130907870777,-0.3421306272786867,0.34145349781683487,1.0,0.5552252088485865,-0.012303269977672199,337.90660834127567
2027-01-15,put,245.0,0.65,0.68,5.0,4707,0.32227240234374993,101,0.665,0.3325058046083078,0.3338389312802368,0.33516954942738836,-0.32151134007595095,0.33408846937706943,1.0,0.6678002760620176,-0.012303269977672199,337.90660834127567
2027-01-15,put,250.0,0.77,0.82,125.0,26408,0.3150703259277343,101,0.7949999999999999,0.3245978756317362,0.32644921118376313,0.3282972924901096,-0.30130863275843156,0.32695493860240504,1.0,0.8018366717671896,-0.012303269977672199,337.90660834127567
2027-01-15,put,255.0,0.93,0.99,5.0,5879,0.30811238769531246,101,0.96,0.31805034297574997,0.31993426390358726,0.3217978888774427,-0.2815060054622518,0.32005924956889353,1.0,0.9620097340983219,-0.012303269977672199,337.90660834127567
2027-01-15,put,260.0,1.12,1.19,389.0,12980,0.30103238037109376,101,1.155,0.31112778029088556,0.31325948959237093,0.31529521094363233,-0.2620879196051503,0.3134064537284684,1.0,1.1574352831240744,-0.012303269977672199,337.90660834127567
2027-01-15,put,265.0,1.38,1.44,168.0,4738,0.2946847875976562,101,1.41,0.30610298313239687,0.30765388420976514,0.30920085582337137,-0.24303972463445575,0.3070004728609008,1.0,1.3973514840346497,-0.012303269977672199,337.90660834127567
2027-01-15,put,270.0,1.64,1.74,102.0,18208,0.28833719482421866,101,1.69,0.29881573498832437,0.30103581990249906,0.30324903471688813,-0.22434759162230314,0.30084424134733084,1.0,1.6856489332221936,-0.012303269977672199,337.90660834127567
2027-01-15,put,275.0,1.99,2.08,18.0,7348,0.2815013256835937,101,2.035,0.29333032166910405,0.2950541503367608,0.29677989550222594,-0.20599845295410668,0.29493983058602136,1.0,2.03196695441203,-0.012303269977672199,337.90660834127567
2027-01-15,put,280.0,2.38,2.5,262.0,21030,0.2752758020019531,101,2.44,0.2870243597144981,0.28903789087416104,0.2910495193809867,-0.18797994745142832,0.28928855795259745,1.0,2.4474779496879226,-0.012303269977672199,337.90660834127567
2027-01-15,put,285.0,2.82,3.05,24.0,4513,0.27057614196777346,101,2.9349999999999996,0.28019162173992745,0.28359736284606035,0.2869902014362961,-0.17028037035202745,0.28389108235602917,1.0,2.944946615514789,-0.012303269977672199,337.90660834127567
2027-01-15,put,290.0,3.5,3.65,122.0,10447,0.264655791015625,101,3.575,0.2777324522517625,0.27970204641686,0.2816758281554819,-0.1528886276401582,0.27874748814627426,1.0,3.5386432839574096,-0.012303269977672199,337.90660834127567
2027-01-15,put,295.0,4.15,4.35,191.0,11219,0.2586133709716797,101,4.25,0.2716261301525098,0.2739934750682414,0.27635641481143763,-0.13579419428085818,0.2738573588802864,1.0,4.244199622132933,-0.012303269977672199,337.90660834127567
2027-01-15,put,300.0,4.95,5.2,652.0,15566,0.25324233093261717,101,5.075,0.2664602676224283,0.26914591891830253,0.2718265395344565,-0.11898707596447688,0.26921984224222395,1.0,5.0783939108799485,-0.012303269977672199,337.90660834127567
2027-01-15,put,305.0,5.85,6.2,114.0,9286,0.24808491180419923,101,6.025,0.260722766281788,0.26416836412122124,0.26760659724908464,-0.10245777401326639,0.2648337072348049,1.0,6.05883689184019,-0.012303269977672199,337.90660834127567
2027-01-15,put,310.0,7.05,7.35,424.0,25745,0.24277490631103515,101,7.199999999999999,0.2579012688559487,0.26063119444814903,0.26335711681730184,-0.08619725314148602,0.26069739460660374,1.0,7.2036394280800815,-0.012303269977672199,337.90660834127567
2027-01-15,put,315.0,8.35,8.6,258.0,14926,0.2362442098999023,101,8.475,0.2537324764142753,0.2558585075689444,0.25798275545335003,-0.07019691179504484,0.2568090613503641,1.0,8.5309088566688,-0.012303269977672199,337.90660834127567
2027-01-15,put,320.0,9.9,10.25,80.0,11417,0.23303989624023438,101,10.075,0.2506265338171241,0.25343357886020823,0.2562360961369766,-0.054448554826905735,0.2531666199965414,1.0,10.058343794368541,-0.012303269977672199,337.90660834127567
2027-01-15,put,325.0,11.65,12.05,182.0,6239,0.22873696075439454,101,11.850000000000001,0.24730195362128776,0.2503157118183217,0.2533279320843334,-0.038944368290940425,0.24976777333133152,1.0,11.81361521761457,-0.012303269977672199,337.90660834127567
2027-01-15,put,330.0,13.65,13.9,69.0,5689,0.22184005706787108,101,13.775,0.24427595564050986,0.2461105643154258,0.2479448680476706,-0.023676896160152054,0.24661004508692938,1.0,13.809033176565727,-0.012303269977672199,337.90660834127567
2027-01-15,put,335.0,15.85,16.15,53.0,2524,0.21723194885253905,101,16.0,0.24082371320703114,0.24299286474841336,0.24516191121877065,-0.00863901879561149,0.24369080708163926,1.0,16.04825483902261,-0.012303269977672199,337.90660834127567
2027-01-15,put,340.0,18.3,18.85,62.0,3071,0.21540091247558596,101,18.575000000000003,0.2375515009509871,0.24151976790311586,0.24548734429418298,0.006176066989529199,0.24100730322701536,1.0,18.539484054332938,-0.012303269977672199,337.90660834127567
2027-01-15,put,345.0,21.0,21.5,30.0,690,0.20908383697509764,101,21.25,0.23435584779078453,0.23800585543801198,0.2416545981064517,0.02077486641068182,0.23855667076700468,1.0,21.28773504763612,-0.012303269977672199,337.90660834127567
2027-01-15,put,350.0,24.0,24.65,10.0,745,0.20624573059082027,101,24.325,0.23189090339244073,0.23679270472304503,0.24166264405783608,0.03516360386278137,0.23633595906888935,1.0,24.294598061414582,-0.012303269977672199,337.90660834127567
2027-01-15,put,355.0,27.2,27.85,46.0,279,0.20014227600097656,101,27.525,0.2283067982813239,0.23359751637881085,0.2388785927615159,0.04934823885473774,0.23434214624666033,1.0,27.570789528049005,-0.012303269977672199,337.90660834127567
2027-01-15,put,360.0,30.25,31.3,17.0,257,0.19361157958984376,101,30.775,0.217628334415324,0.22688915389203726,0.2360446540399867,0.06333448082947779,0.23257215386344085,1.0,31.10008034889462,-0.012303269977672199,337.90660834127567
2027-01-15,put,365.0,34.05,35.1,10.0,217,0.18872881591796875,101,34.575,0.2150764021944815,0.22543489280301562,0.23547119868368493,0.07712780296181354,0.23102285992998683,1.0,34.86617603080821,-0.012303269977672199,337.90660834127567
2027-01-15,put,370.0,38.35,39.8,2.0,240,0.19919624053955076,101,39.075,0.218343750395093,0.23435430098437707,0.24939066808823357,0.09073345501759211,0.22969111039050477,1.0,38.85680195466621,-0.012303269977672199,337.90660834127567
2027-01-15,put,375.0,42.55,43.25,10.0,34,0.17517914672851562,101,42.9,0.21433854890385753,0.22445836820234846,0.23334690800438115,0.10415647534973295,0.2285737292645205,1.0,43.05921829835499,-0.012303269977672199,337.90660834127567
2027-01-15,put,380.0,46.45,47.6,1.0,18,0.1660849993896485,101,47.025000000000006,,0.21128135741026333,0.23206096811520652,0.11740170209975354,0.22766752759385728,1.0,47.45904439033271,-0.012303269977672199,337.90660834127567
2027-01-15,put,385.0,50.9,53.1,6.0,11,0.19751779052734375,101,52.0,,0.2249443538757802,0.2624151424073323,0.13047378366710624,0.2269693113265545,1.0,52.0422942894487,-0.012303269977672199,337.90660834127567
2027-01-15,put,390.0,55.65,57.8,4.0,41,0.19904365417480469,101,56.724999999999994,,0.22029054013946708,0.2693691622414598,0.1433771885030141,0.22647588825445622,1.0,56.78948243158249,-0.012303269977672199,337.90660834127567
2027-01-15,put,395.0,73.65,76.25,2.0,0,0.4928334408569337,101,74.95,0.4994055561953112,0.5207359218720016,0.5418350564423414,0.15611621428044398,0.2261840741079368,0.0,61.68314195184977,-0.012303269977672199,337.90660834127567
2027-01-15,put,400.0,64.95,67.4,2.0,0,0.20374331420898437,101,66.17500000000001,,,0.2847372832538583,0.16869499648730404,0.2260906978995724,1.0,66.67999267578125,-0.012303269977672199,337.90660834127567
2027-01-15,put,410.0,75.25,77.4,1.0,1,0.22522747436523435,101,76.325,,,0.3119676280237574,0.19338760907767544,0.2264866692065695,1.0,76.67999267578125,-0.012303269977672199,337.90660834127567
2027-01-15,put,420.0,98.35,101.4,10.0,0,0.5516707431030273,101,99.875,0.5812356954756701,0.6074681341416764,0.6332885235602128,0.21748516065673604,0.22763886312183482,0.0,86.67999267578125,-0.012303269977672199,337.90660834127567
2027-01-15,put,430.0,108.1,111.4,5.0,0,0.5792278405761719,101,109.75,0.6091452257563048,0.6374190036176696,0.6655228563355485,0.24101565806693023,0.2295227955592538,0.0,96.67999267578125,-0.012303269977672199,337.90660834127567
2027-04-16,call,240.0,99.55,102.5,4.0,24,0.48126739440917965,192,101.025,,0.28310558797668095,0.3445718628707133,-0.3546760822169194,0.32388569418856317,1.0,101.92325110343286,-0.012877143373615778,342.17250331607494
2027-04-16,call,245.0,94.85,97.6,10.0,28,0.46188892608642584,192,96.225,,0.2737792220490531,0.32837147948035567,-0.33405679501418367,0.31979272214836646,1.0,97.35086802612699,-0.012877143373615778,342.17250331607494
2027-04-16,call,250.0,90.45,92.95,10.0,41,0.4472101177978516,192,91.7,0.19630913638656622,0.27639319998515244,0.31980889032562027,-0.3138540876966642,0.315694146838935,1.0,92.8159946729237,-0.012877143373615778,342.17250331607494
2027-04-16,call,255.0,85.8,87.9,1.0,47,0.42542078491210944,192,86.85,0.2093793725884912,0.2641222516550887,0.29933883107499976,-0.2940514604004846,0.3116097654521751,0.0,88.3192323348176,-0.012877143373615778,342.17250331607494
2027-04-16,call,260.0,82.8,84.0,1.0,492,0.42310147216796873,192,83.4,0.2777651048257004,0.29480693421514265,0.310726060424582,-0.27463337454338294,0.307557129028663,1.0,83.87988608565368,-0.012877143373615778,342.17250331607494
2027-04-16,call,265.0,77.55,79.65,38.0,49,0.4124204266357422,192,78.6,0.25195633101791026,0.2815886197680686,0.3068511104283818,-0.25558517957268845,0.3035517881852662,1.0,79.50809162864614,-0.012877143373615778,342.17250331607494
2027-04-16,call,270.0,73.25,75.2,20.0,50,0.399694723815918,192,74.225,0.25414478133290297,0.2782341338277689,0.2997870957899846,-0.23689304656053584,0.29960750964971794,1.0,75.19133482189872,-0.012877143373615778,342.17250331607494
2027-04-16,call,275.0,70.3,71.15,1.0,76,0.3923705783081054,192,70.725,0.28284843362916523,0.29156952671107483,0.29975621850468553,-0.2185439078923394,0.2957364674330514,1.0,70.9339710568292,-0.012877143373615778,342.17250331607494
2027-04-16,call,280.0,65.05,67.25,5.0,266,0.38626712371826166,192,66.15,0.2591533805770414,0.28035647360793514,0.30053454151619247,-0.20052540238966104,0.291949411916994,1.0,66.77969436154461,-0.012877143373615778,342.17250331607494
2027-04-16,call,285.0,60.7,63.0,4.0,2184,0.3745484909057617,192,61.85,0.2531255501900299,0.27391960798679454,0.2931173364607559,-0.1828258252902601,0.28825581966718306,1.0,62.70727207190105,-0.012877143373615778,342.17250331607494
2027-04-16,call,290.0,58.05,59.15,67.0,135,0.36737693176269537,192,58.599999999999994,0.27444447052181864,0.28286726519417815,0.2912452035309489,-0.16543408257839087,0.2846640263893589,1.0,58.717718698873924,-0.012877143373615778,342.17250331607494
2027-04-16,call,295.0,54.15,54.9,10.0,34,0.3543460562133788,192,54.525,0.2711719998951173,0.2768195227544851,0.2823420366860775,-0.14833964921909085,0.28118134511228093,1.0,54.81770124815206,-0.012877143373615778,342.17250331607494
2027-04-16,call,300.0,50.25,51.35,56.0,141,0.3491123439025879,192,50.8,0.26651962585631,0.2741852608374973,0.28181951122987015,-0.13153253090270958,0.27781417139797276,1.0,51.061171649551596,-0.012877143373615778,342.17250331607494
2027-04-16,call,305.0,46.85,47.95,11.0,25,0.3445194943237304,192,47.400000000000006,0.267215982746274,0.2743666193116971,0.28149357479234655,-0.11500322895149898,0.27456807713880665,1.0,47.415463469969936,-0.012877143373615778,342.17250331607494
2027-04-16,call,310.0,43.25,43.95,53.0,102,0.33199215377807617,192,43.6,0.263651877750027,0.2679492605897918,0.2722391070645576,-0.09874270807971876,0.27144789429511657,1.0,43.885399160093925,-0.012877143373615778,342.17250331607494
2027-04-16,call,315.0,39.85,40.85,2.0,1536,0.3285894778442382,192,40.35,0.26111344494938055,0.26696114243161767,0.2727985826974675,-0.08274236673327759,0.26845778975087803,1.0,40.478126849712396,-0.012877143373615778,342.17250331607494
2027-04-16,call,320.0,36.05,37.2,191.0,124,0.31799998413085934,192,36.625,0.25206412591466815,0.2586772991488715,0.2652784066496388,-0.06699400976513839,0.26560133231387284,0.0,37.22814636478111,-0.012877143373615778,342.17250331607494
2027-04-16,call,325.0,33.3,34.25,113.0,240,0.31378860046386714,192,33.775,0.25361732678735854,0.25886810723469966,0.2641134625763886,-0.0514898232291731,0.26288155275681135,1.0,34.13839073143634,-0.012877143373615778,342.17250331607494
2027-04-16,call,330.0,30.6,31.3,162.0,324,0.30832600860595705,192,30.950000000000003,0.253943840916911,0.25770126019120326,0.2614572639338908,-0.03622235109838475,0.2603009976838901,1.0,31.19224078536702,-0.012877143373615778,342.17250331607494
2027-04-16,call,335.0,28.0,28.5,15.0,1105,0.3031075549316406,192,28.25,0.2537078956861226,0.2563416327491305,0.25897527738414006,-0.0211844737338442,0.25786177791053655,1.0,28.394252971939228,-0.012877143373615778,342.17250331607494
2027-04-16,call,340.0,25.45,26.0,34.0,1777,0.29968962036132807,192,25.725,0.25245226210425176,0.25532366276668883,0.25819567507395463,-0.00636938794870353,0.2555656119603707,1.0,25.748169211772023,-0.012877143373615778,342.17250331607494
2027-04-16,call,345.0,23.0,23.6,19.0,402,0.29596651306152344,192,23.3,0.25046653608425484,0.2535403854254002,0.25661578021318693,0.008229411472449185,0.25341386521080217,1.0,23.287655128496613,-0.012877143373615778,342.17250331607494
2027-04-16,call,350.0,20.55,21.4,10.0,1158,0.29291478576660146,192,20.975,0.24679601389883837,0.2511537366747924,0.2555163563712432,0.022618148924548713,0.25140758515558626,1.0,20.999744421347827,-0.012877143373615778,342.17250331607494
2027-04-16,call,355.0,18.65,19.2,49.0,333,0.28850503982543935,192,18.924999999999997,0.2473013178099174,0.25015333632071823,0.25300820983049505,0.036802783916505065,0.24954753319772394,1.0,18.866611087823404,-0.012877143373615778,342.17250331607494
2027-04-16,call,360.0,16.6,17.25,18.0,1694,0.28531598480224607,192,16.925,0.24479929360154226,0.24823892604279058,0.2516892751062212,0.05078902589124509,0.24783421333817193,1.0,16.886594531920036,-0.012877143373615778,342.17250331607494
2027-04-16,call,365.0,14.75,15.2,7.0,350,0.27960925476074217,192,14.975,0.24291778693805277,0.24537291474963016,0.24783222620474937,0.06458234802358084,0.246267898083957,1.0,15.05691589893935,-0.012877143373615778,342.17250331607494
2027-04-16,call,370.0,13.25,13.75,4.0,470,0.2790752024841308,192,13.5,0.2432346346226297,0.24591511263832894,0.24860021548503447,0.07818800007935939,0.24484865186263266,1.0,13.400587045518243,-0.012877143373615778,342.17250331607494
2027-04-16,call,375.0,11.65,12.1,5.0,283,0.2749095947265625,192,11.875,0.2407624459449774,0.24327356026818342,0.2457894693547057,0.09161102041150021,0.24357635219787943,1.0,11.90211577269891,-0.012877143373615778,342.17250331607494
2027-04-16,call,380.0,10.4,10.65,14.0,524,0.2715832119750976,192,10.525,0.2408527069445177,0.24232123817211515,0.24379670057925615,0.10485624716152077,0.24245070887282172,1.0,10.535828342022633,-0.012877143373615778,342.17250331607494
2027-04-16,call,385.0,9.15,9.4,2.0,252,0.26926389923095706,192,9.275,0.2396647437074792,0.2412250258964834,0.24278917829401317,0.11792832872887367,0.2414712812828052,1.0,9.294691114105884,-0.012877143373615778,342.17250331607494
2027-04-16,call,390.0,8.05,8.4,33.0,244,0.2688061401367187,192,8.225000000000001,0.2390092317920008,0.24129326104066795,0.24344458137832592,0.13083173356478148,0.24063749415750338,1.0,8.171624604072496,-0.012877143373615778,342.17250331607494
2027-04-16,call,395.0,7.05,7.3,5.0,455,0.2656628610229492,192,7.175,0.23796758569833942,0.23961460807529772,0.24126476986069625,0.14357075934221117,0.23994865181291897,1.0,7.200311157958682,-0.012877143373615778,342.17250331607494
2027-04-16,call,400.0,6.2,6.45,22.0,751,0.2646863082885742,192,6.325,0.23759737414060098,0.23938566335110692,0.24117775854279663,0.15614954154907143,0.2394039510767927,1.0,6.32627683662596,-0.012877143373615778,342.17250331607494
2027-04-16,call,405.0,5.3,5.7,17.0,213,0.2639844110107422,192,5.5,0.23521732613089782,0.23835208758085993,0.24149798605115558,0.1685720615476285,0.23900249301583792,1.0,5.541418276471987,-0.012877143373615778,342.17250331607494
2027-04-16,call,410.0,4.65,5.0,2.0,218,0.2628857891845704,192,4.825,0.2354781734357213,0.23844696035133497,0.2411536485235124,0.1808421541394428,0.23874329357984814,1.0,4.844195018258357,-0.012877143373615778,342.17250331607494
2027-04-16,call,420.0,3.6,3.95,11.0,351,0.2633130310058594,192,3.7750000000000004,0.23628923408733088,0.2396429550631626,0.2430142489233729,0.20493970571850334,0.23864736589500127,1.0,3.7230598192192565,-0.012877143373615778,342.17250331607494
2027-04-16,call,430.0,2.79,3.05,7.0,220,0.2625195819091797,192,2.92,0.23771102876883335,0.24049035296460272,0.2432853087042404,0.2284702031286975,0.23910693899543145,1.0,2.8553736758326327,-0.012877143373615778,342.17250331607494
2027-04-16,call,440.0,2.1,2.25,6.0,337,0.2594068200683594,192,2.175,0.23768273680297627,0.23972370384682598,0.24153431479622542,0.2514597213533961,0.24011195520367307,1.0,2.1911117426592224,-0.012877143373615778,342.17250331607494
2027-04-16,put,240.0,1.87,1.97,37.0,309,0.3071968695068359,192,1.92,0.32234783590976074,0.32426134486361785,0.32605428329479774,-0.3546760822169194,0.32388569418856317,1.0,1.9095346828705853,-0.012877143373615778,342.17250331607494
2027-04-16,put,245.0,2.17,2.29,2.0,304,0.302314105834961,192,2.23,0.3173832749474565,0.319492088427784,0.32159445055540126,-0.33405679501418367,0.31979272214836646,1.0,2.238550053326419,-0.012877143373615778,342.17250331607494
2027-04-16,put,250.0,2.52,2.65,1.0,225,0.29730927307128896,192,2.585,0.31302517322960915,0.31500680011095117,0.3169788035602439,-0.3138540876966642,0.315694146838935,1.0,2.6076519140830445,-0.012877143373615778,342.17250331607494
2027-04-16,put,255.0,2.97,3.1,3.0,234,0.2934640966796874,192,3.035,0.3103575492006445,0.31208664846322354,0.3138122885463758,-0.2940514604004846,0.3116097654521751,1.0,3.0170500198025403,-0.012877143373615778,342.17250331607494
2027-04-16,put,260.0,3.45,3.55,85.0,3220,0.28815409118652335,192,3.5,0.3066748865313324,0.3079718964885228,0.3092655553639302,-0.27463337454338294,0.307557129028663,1.0,3.484029915112706,-0.012877143373615778,342.17250331607494
2027-04-16,put,265.0,3.75,4.1,1.0,409,0.28385115570068353,192,3.925,0.2973072984135125,0.3013459311564711,0.30536186181411373,-0.25558517957268845,0.3035517881852662,1.0,4.021028483495309,-0.012877143373615778,342.17250331607494
2027-04-16,put,270.0,4.4,4.7,3.0,516,0.2791514956665039,192,4.550000000000001,0.2951603236214901,0.29824134298929306,0.3013146792008093,-0.23689304656053584,0.29960750964971794,1.0,4.616668901255653,-0.012877143373615778,342.17250331607494
2027-04-16,put,275.0,5.1,5.35,2.0,387,0.2740551110839844,192,5.225,0.29233700686041014,0.2948028848043164,0.2971077791355132,-0.2185439078923394,0.2957364674330514,1.0,5.275602211543259,-0.012877143373615778,342.17250331607494
2027-04-16,put,280.0,5.95,6.1,14.0,300,0.26935545104980463,192,6.025,0.29038266382034206,0.2917356211645259,0.29308661952402343,-0.20052540238966104,0.291949411916994,1.0,6.036857066753914,-0.012877143373615778,342.17250331607494
2027-04-16,put,285.0,6.55,7.0,13.0,554,0.2656628610229492,192,6.775,0.28272353480989504,0.286428018295469,0.2901204406443312,-0.1828258252902601,0.28825581966718306,1.0,6.8862363501302974,-0.012877143373615778,342.17250331607494
2027-04-16,put,290.0,7.8,8.0,117.0,1043,0.26190923645019537,192,7.9,0.284295123426851,0.2858021289349157,0.2873076615783459,-0.16543408257839087,0.2846640263893589,1.0,7.824470697159268,-0.012877143373615778,342.17250331607494
2027-04-16,put,295.0,8.75,8.95,6.0,1265,0.25595836822509765,192,8.85,0.2796197632348124,0.28105475348484465,0.2824524739974446,-0.14833964921909085,0.28118134511228093,1.0,8.858986045813907,-0.012877143373615778,342.17250331607494
2027-04-16,put,300.0,9.7,10.15,56.0,1939,0.25196060546875,192,9.925,0.2732023232725339,0.2762848381790009,0.2793609204218776,-0.13153253090270958,0.27781417139797276,1.0,10.036801655747679,-0.012877143373615778,342.17250331607494
2027-04-16,put,305.0,11.1,11.75,34.0,863,0.25130448410034173,192,11.425,0.27154072718999495,0.2757102367400682,0.27987047662619413,-0.11500322895149898,0.27456807713880665,1.0,11.33587367153149,-0.012877143373615778,342.17250331607494
2027-04-16,put,310.0,12.65,13.1,2.0,932,0.24587240951538086,192,12.875,0.2701048904162729,0.2728351162287366,0.27556257437354553,-0.09874270807971876,0.27144789429511657,1.0,12.760649083051023,-0.012877143373615778,342.17250331607494
2027-04-16,put,315.0,14.1,14.45,106.0,823,0.2389602471923828,192,14.274999999999999,0.26591622972770557,0.26794672362534433,0.26997095962249856,-0.08274236673327759,0.26845778975087803,1.0,14.319263512698017,-0.012877143373615778,342.17250331607494
2027-04-16,put,320.0,15.75,16.4,60.0,1074,0.23714446945190426,192,16.075,0.2622915228205308,0.2659891032556103,0.2696824031376191,-0.06699400976513839,0.26560133231387284,1.0,16.040900358262853,-0.012877143373615778,342.17250331607494
2027-04-16,put,325.0,17.65,18.45,65.0,204,0.23459627716064452,192,18.049999999999997,0.2597470787262379,0.2641469051511751,0.26854385480103105,-0.0514898232291731,0.26288155275681135,1.0,17.93487409914886,-0.012877143373615778,342.17250331607494
2027-04-16,put,330.0,19.7,20.5,15.0,346,0.23026282440185547,192,20.1,0.257202305744164,0.2614990069819062,0.26579406157172975,-0.03622235109838475,0.2603009976838901,1.0,19.988457070384353,-0.012877143373615778,342.17250331607494
2027-04-16,put,335.0,21.95,22.4,10.0,296,0.22264876480102536,192,22.174999999999997,0.25512985627902474,0.257514656294592,0.2598990706235468,-0.0211844737338442,0.25786177791053655,1.0,22.207752350651294,-0.012877143373615778,342.17250331607494
2027-04-16,put,340.0,24.35,24.8,10.0,280,0.21837634658813476,192,24.575000000000003,0.25293995653432844,0.2553180451966646,0.2576959274753451,-0.00636938794870353,0.2555656119603707,1.0,24.598409236403402,-0.012877143373615778,342.17250331607494
2027-04-16,put,345.0,26.8,27.45,2.0,241,0.21479056701660154,192,27.125,0.24935946066227455,0.2527728343105335,0.2561844091866275,0.008229411472449185,0.25341386521080217,1.0,27.186056817058233,-0.012877143373615778,342.17250331607494
2027-04-16,put,350.0,29.55,30.3,12.0,101,0.21134211517333978,192,29.925,0.24697764695520327,0.2509614473669698,0.25494033867651894,0.022618148924548713,0.25140758515558626,1.0,29.96701707876675,-0.012877143373615778,342.17250331607494
2027-04-16,put,355.0,32.45,33.95,12.0,14,0.21460746337890624,192,33.2,0.2443440883369331,0.2524974776479645,0.2606355075739509,0.036802783916505065,0.24954753319772394,1.0,32.92839982338101,-0.012877143373615778,342.17250331607494
2027-04-16,put,360.0,35.65,36.55,38.0,116,0.20438417694091793,192,36.099999999999994,0.2430935778059978,0.24817102074448683,0.2532392970446199,0.05078902589124509,0.24783421333817193,1.0,36.07012685055616,-0.012877143373615778,342.17250331607494
2027-04-16,put,365.0,38.9,39.95,1.0,2,0.20087469055175777,192,39.425,0.24043387298648292,0.24667338375584247,0.25280982560595516,0.06458234802358084,0.246267898083957,1.0,39.39080466675577,-0.012877143373615778,342.17250331607494
2027-04-16,put,370.0,42.3,43.95,,86,0.20275150283813476,192,43.125,0.23735847387717027,0.24752988497012116,0.2574360531433618,0.07818800007935939,0.24484865186263266,1.0,42.90356122584452,-0.012877143373615778,342.17250331607494
2027-04-16,put,375.0,45.55,47.05,29.0,20,0.19068192138671874,192,46.3,0.22948828341195923,0.2396379311261342,0.24940938987663644,0.09161102041150021,0.24357635219787943,1.0,46.600616249343076,-0.012877143373615778,342.17250331607494
2027-04-16,put,380.0,49.9,51.95,2.0,6,0.20157658782958982,192,50.925,0.2342848621062036,0.24898666084676363,0.2629609530009577,0.10485624716152077,0.24245070887282172,1.0,50.4631815894546,-0.012877143373615778,342.17250331607494
2027-04-16,put,385.0,53.85,55.5,3.0,3,0.19080399047851562,192,54.675,0.23100220277359884,0.24446671903068976,0.25682602462520343,0.11792832872887367,0.2414712812828052,1.0,54.48680853422585,-0.012877143373615778,342.17250331607494
2027-04-16,put,390.0,57.55,59.75,6.0,16,0.18845416046142577,192,58.65,0.21798024147407194,0.24035906972670815,0.25864944915393406,0.13083173356478148,0.24063749415750338,1.0,58.66504992640946,-0.012877143373615778,342.17250331607494
2027-04-16,put,395.0,62.25,63.85,22.0,17,0.1803670831298828,192,63.05,0.2216607842232571,0.24082576480915407,0.2562382861691049,0.14357075934221117,0.23994865181291897,1.0,63.00679719094676,-0.012877143373615778,342.17250331607494
2027-04-16,put,400.0,66.7,68.2,4.0,5,0.17389742126464847,192,67.45,0.20768244565792682,0.23837072306045523,0.25569578642834,0.15614954154907143,0.2394039510767927,1.0,67.48925052912232,-0.012877143373615778,342.17250331607494
2027-04-16,put,405.0,70.3,72.6,,2,0.1640098248291016,192,71.44999999999999,,,0.25338241879756324,0.1685720615476285,0.23900249301583792,1.0,72.10203187357497,-0.012877143373615778,342.17250331607494
2027-04-16,put,410.0,75.5,77.2,1.0,41,0.1550377465820313,192,76.35,,,0.2527641285598543,0.1808421541394428,0.23874329357984814,1.0,76.84267267225627,-0.012877143373615778,342.17250331607494
2027-12-17,call,250.0,104.5,105.45,4.0,3387,0.429067599029541,437,104.975,0.28587652538896724,0.29308719730657284,0.2997086843798142,-0.3459347082900104,0.30334251430639375,0.0,105.71198231499308,-0.01197574275867875,353.3275838391485
2027-12-17,call,255.0,98.85,101.75,1.0,535,0.42426112854003906,437,100.3,0.26029007145972644,0.28169546777521576,0.30160052471611976,-0.3261320809938306,0.30062163822998067,1.0,101.67793598848735,-0.01197574275867875,353.3275838391485
2027-12-17,call,260.0,94.95,97.8,2.0,2228,0.416723362121582,437,96.375,0.26129207045799585,0.2809021950342608,0.2988475388662816,-0.30671399513672915,0.2980060750885014,1.0,97.73176640774523,-0.01197574275867875,353.3275838391485
2027-12-17,call,265.0,91.85,93.7,5.0,589,0.4075681802368164,437,92.775,0.27134723834304253,0.2827659635514401,0.2940520331643728,-0.28766580016603466,0.29549262489055855,0.0,93.81874672038529,-0.01197574275867875,353.3275838391485
2027-12-17,call,270.0,87.45,90.75,8.0,2442,0.4082700775146484,437,89.1,0.2634163689330904,0.28287490599607096,0.30121870716076904,-0.26897366715388205,0.29307820395142553,1.0,90.01460760702841,-0.01197574275867875,353.3275838391485
2027-12-17,call,275.0,84.1,86.45,6.0,373,0.396765065612793,437,85.275,0.2672291148125308,0.2802409482879014,0.29309635427564806,-0.2506245284856856,0.2907598409921833,1.0,86.23485585394086,-0.01197574275867875,353.3275838391485
2027-12-17,call,280.0,81.75,82.8,3.0,2156,0.3905700592041016,437,82.275,0.2800557079783729,0.28538079716299486,0.2906857331887909,-0.23260602298300723,0.2885346731958328,1.0,82.58695802314644,-0.01197574275867875,353.3275838391485
2027-12-17,call,285.0,77.4,78.9,2.0,448,0.38196418823242184,437,78.15,0.2709140732914313,0.27841594525298663,0.2858794676977252,-0.21490644588360627,0.2863999422639689,0.0,78.95313748774595,-0.01197574275867875,353.3275838391485
2027-12-17,call,290.0,73.55,75.4,1.0,1579,0.3763032341003418,437,74.475,0.26640268355735053,0.27506116568129974,0.2836669157466533,-0.19751470317173717,0.28435299050788065,0.0,75.47396465606619,-0.01197574275867875,353.3275838391485
2027-12-17,call,295.0,70.9,72.55,3.0,440,0.3752961640930175,437,71.725,0.2723755981343476,0.2798851884575353,0.287103918376464,-0.180420269812437,0.28239125700011336,1.0,72.01101396154881,-0.01197574275867875,353.3275838391485
2027-12-17,call,300.0,67.35,68.75,26.0,8556,0.36644615493774413,437,68.05,0.2688758377002713,0.2749240213638198,0.2809535480630384,-0.16361315149605574,0.28051227380622495,1.0,68.69866079824463,-0.01197574275867875,353.3275838391485
2027-12-17,call,305.0,63.25,65.5,1.0,755,0.36142606353759765,437,64.375,0.260566304746139,0.27013420261659005,0.27939141432224607,-0.14708384954484527,0.27871366231139827,1.0,65.41735396648635,-0.01197574275867875,353.3275838391485
2027-12-17,call,310.0,60.3,62.85,1.0,6422,0.3604037348937988,437,61.575,0.260974115359545,0.2712956627143073,0.28157341421042037,-0.1308233286730649,0.27699312965249867,1.0,62.2811772610156,-0.01197574275867875,353.3275838391485
2027-12-17,call,315.0,57.05,59.7,1.0,728,0.3551852812194824,437,58.375,0.2586869596132012,0.2690157081612325,0.27930427089517945,-0.11482298732662373,0.275348465262904,1.0,59.19008860646314,-0.01197574275867875,353.3275838391485
2027-12-17,call,320.0,54.65,56.55,13.0,4119,0.34952432708740233,437,55.599999999999994,0.2616458224695663,0.2689082269592695,0.27615652308870026,-0.09907463035848464,0.2737775375348237,1.0,56.238019403610465,-0.01197574275867875,353.3275838391485
2027-12-17,call,325.0,51.95,54.05,1.0,595,0.3480442393493652,437,53.0,0.26192989915551235,0.2697313239560392,0.277521296893178,-0.08357044382251935,0.2722782906017511,1.0,53.34315545819793,-0.01197574275867875,353.3275838391485
2027-12-17,call,330.0,50.25,50.7,2.0,1436,0.34006397247314457,437,50.475,0.2684313995219976,0.27007245168054234,0.27171320381834135,-0.06830297169173087,0.27084874124204883,1.0,50.581455058162774,-0.01197574275867875,353.3275838391485
2027-12-17,call,335.0,47.0,48.55,31.0,2411,0.34001819656372073,437,47.775,0.2631371715633772,0.2686907856730369,0.27424517507066126,-0.05326509432719043,0.26948697590337467,1.0,47.88599560379468,-0.01197574275867875,353.3275838391485
2027-12-17,call,340.0,44.45,45.75,10.0,1977,0.33493707061767575,437,45.1,0.26207073970206357,0.2666483337078582,0.27122661190749964,-0.03845000854204976,0.26819114784664966,1.0,45.319053759047726,-0.01197574275867875,353.3275838391485
2027-12-17,call,345.0,42.1,43.35,1.0,773,0.3321294815063477,437,42.725,0.26190401491611354,0.26627272165004423,0.27064348220199175,-0.023851209120897037,0.2669594744074942,1.0,42.823223325784824,-0.01197574275867875,353.3275838391485
2027-12-17,call,350.0,39.65,40.85,8.0,2217,0.32811646011352535,437,40.25,0.2602712873887424,0.2643924039746589,0.2685161193655991,-0.009462471668797504,0.2657902343724691,1.0,40.453409345674125,-0.01197574275867875,353.3275838391485
2027-12-17,call,355.0,37.5,38.7,3.0,2388,0.32602602691650384,437,38.1,0.26017123287198196,0.26430509810210295,0.2684433879273406,0.004722163323158966,0.26468176546702415,1.0,38.154491430828756,-0.01197574275867875,353.3275838391485
2027-12-17,call,360.0,35.8,36.4,2.0,1371,0.32237921279907217,437,36.099999999999994,0.2623990915807287,0.26443173472092146,0.2664657444478197,0.018708405297898894,0.2636324619517409,1.0,35.98206656212917,-0.01197574275867875,353.3275838391485
2027-12-17,call,365.0,33.75,34.35,3.0,1607,0.31995308959960933,437,34.05,0.2617858305882874,0.26384530043380267,0.2659064928806124,0.032501727430234745,0.2626407723232439,1.0,33.87456219036352,-0.01197574275867875,353.3275838391485
2027-12-17,call,370.0,31.45,32.45,2.0,1275,0.31805338935852046,437,31.950000000000003,0.25868639153190237,0.26205907946813717,0.2654372941904942,0.04610737948601319,0.2617051971160167,1.0,31.89765864277231,-0.01197574275867875,353.3275838391485
2027-12-17,call,375.0,29.55,30.55,3.0,1314,0.3156501541137695,437,30.05,0.2578997265296941,0.26135103070186355,0.2648090255131104,0.05953039981815392,0.2608242868012884,1.0,29.97357972653239,-0.01197574275867875,353.3275838391485
2027-12-17,call,380.0,27.85,28.7,165.0,852,0.31310196182250977,437,28.275,0.2577003180118645,0.26058694153175943,0.26347806606678525,0.07277562656817459,0.2599966397791338,1.0,28.188248253864113,-0.01197574275867875,353.3275838391485
2027-12-17,call,385.0,26.0,26.65,224.0,751,0.3086159226989746,437,26.325,0.2561528611302793,0.2584323385226025,0.26071545474525587,0.0858477081355274,0.2592209004599476,1.0,26.437525641375508,-0.01197574275867875,353.3275838391485
2027-12-17,call,390.0,24.4,25.1,12.0,1099,0.30716635223388666,437,24.75,0.2554734855221612,0.2578892393429975,0.26030891820387253,0.09875111297143532,0.2584957574315023,1.0,24.837849919188024,-0.01197574275867875,353.3275838391485
2027-12-17,call,395.0,22.85,23.55,8.0,972,0.30522850540161134,437,23.200000000000003,0.25494437044004614,0.25746749637845895,0.2599158166178481,0.11149013874886511,0.25781994170787126,1.0,23.24882712267553,-0.01197574275867875,353.3275838391485
2027-12-17,call,400.0,21.65,22.3,110.0,5805,0.30499962585449214,437,21.975,0.2559350448900779,0.258243677364384,0.26055734246695833,0.12406892095572507,0.25719222505658856,1.0,21.82709955678802,-0.01197574275867875,353.3275838391485
2027-12-17,call,405.0,20.25,20.7,4.0,523,0.3017190190124512,437,20.475,0.2554982554969701,0.25707246278565193,0.258646347009098,0.13649144095428226,0.25661141840052304,1.0,20.409304366742802,-0.01197574275867875,353.3275838391485
2027-12-17,call,410.0,18.75,19.3,2.0,268,0.29941496490478514,437,19.025,0.25324647807414774,0.25527249189749723,0.2573024063870102,0.14876153354609664,0.25607637029105385,1.0,19.134027199220416,-0.01197574275867875,353.3275838391485
2027-12-17,call,415.0,17.7,18.45,1.0,177,0.3008950526428223,437,18.075,0.25424369443516753,0.2569684302243639,0.2597018261030455,0.16088289407844147,0.25558596544925777,1.0,17.88488563556822,-0.01197574275867875,353.3275838391485
2027-12-17,call,420.0,16.4,17.05,2.0,1063,0.29764496307373034,437,16.725,0.25254804704740746,0.2550625085197266,0.2575844732515119,0.17285908512515719,0.2551391233719407,1.0,16.734883258851575,-0.01197574275867875,353.3275838391485
2027-12-17,call,425.0,15.3,15.95,3.0,400,0.2963022030639648,437,15.625,0.2521170619940358,0.2545921593206772,0.257075574177908,0.18469354277216007,0.2547347969994721,1.0,15.643775664031695,-0.01197574275867875,353.3275838391485
2027-12-17,call,430.0,14.2,14.85,20.0,697,0.2944864253234863,437,14.524999999999999,0.25104778331948624,0.2537162772948377,0.25639030021295983,0.1963895825353512,0.25437197144250595,1.0,14.604967314173802,-0.01197574275867875,353.3275838391485
2027-12-17,call,435.0,13.35,13.95,5.0,355,0.2939065971374511,437,13.649999999999999,0.25154087832320887,0.2539663679297735,0.25640062255066115,0.20795040493642722,0.2540496627648002,1.0,13.660284518960351,-0.01197574275867875,353.3275838391485
2027-12-17,call,440.0,12.4,13.05,30.0,7488,0.29291478576660146,437,12.725000000000001,0.250954925091601,0.2538129352047805,0.25641158742113873,0.21937910076005,0.2537669168194664,1.0,12.719411341849616,-0.01197574275867875,353.3275838391485
2027-12-17,call,450.0,10.75,11.4,1.0,2974,0.2910074562072753,437,11.075,0.2503099027150411,0.25308577339405225,0.25587583492832694,0.24185195661210865,0.2533164388563983,1.0,11.1019279751596,-0.01197574275867875,353.3275838391485
2027-12-17,put,250.0,7.2,7.6,53.0,12940,0.27210200561523434,437,7.4,0.2996794960017379,0.302398664610823,0.3051085048741515,-0.3459347082900104,0.30334251430639375,1.0,7.46958308122139,-0.01197574275867875,353.3275838391485
2027-12-17,put,255.0,8.1,8.6,1.0,720,0.2710949356079102,437,8.35,0.29879166423609455,0.3020909226717311,0.30536681747502425,-0.3261320809938306,0.30062163822998067,1.0,8.238309239624042,-0.01197574275867875,353.3275838391485
2027-12-17,put,260.0,8.85,9.3,81.0,1489,0.2657391542053223,437,9.075,0.2949926886771626,0.2977135142340113,0.3004259038755661,-0.30671399513672915,0.2980060750885014,1.0,9.099229798101511,-0.01197574275867875,353.3275838391485
2027-12-17,put,265.0,9.85,10.2,1.0,2396,0.26203130554199217,437,10.024999999999999,0.29372298232700483,0.29578032085122313,0.29782894750332883,-0.28766580016603466,0.29549262489055855,1.0,10.000492136431905,-0.01197574275867875,353.3275838391485
2027-12-17,put,270.0,10.75,11.2,2.0,1072,0.2586438882446289,437,10.975,0.2902183506943425,0.2926659406021892,0.2951075060617694,-0.26897366715388205,0.29307820395142553,1.0,11.012897818626792,-0.01197574275867875,353.3275838391485
2027-12-17,put,275.0,11.8,12.3,9.0,1122,0.2555463850402832,437,12.05,0.28798741190859123,0.2906332519097579,0.29324071896926207,-0.2506245284856856,0.2907598409921833,1.0,12.06199017211692,-0.01197574275867875,353.3275838391485
2027-12-17,put,280.0,12.95,13.45,2.0,3158,0.2521742263793946,437,13.2,0.28565262705889705,0.28812550755783994,0.2905881068101666,-0.23260602298300723,0.2885346731958328,1.0,13.241667994435428,-0.01197574275867875,353.3275838391485
2027-12-17,put,285.0,14.15,15.0,14.0,479,0.2516401741027832,437,14.575,0.2834742179171451,0.28749996992728,0.2914335792379313,-0.21490644588360627,0.2863999422639689,1.0,14.456025435962582,-0.01197574275867875,353.3275838391485
2027-12-17,put,290.0,15.6,16.05,2.0,1599,0.2459181854248047,437,15.825,0.2823908962356458,0.2844345189544654,0.2864754884607415,-0.19751470317173717,0.28435299050788065,1.0,15.816017941856352,-0.01197574275867875,353.3275838391485
2027-12-17,put,295.0,16.9,17.45,1.0,1276,0.242546026763916,437,17.174999999999997,0.27964268787094576,0.2820117952950664,0.28437780811150337,-0.180420269812437,0.28239125700011336,1.0,17.219081196692567,-0.01197574275867875,353.3275838391485
2027-12-17,put,300.0,18.65,19.1,265.0,2173,0.24040981765747066,437,18.875,0.27953997759818283,0.28143877863419314,0.28333594240171117,-0.16361315149605574,0.28051227380622495,1.0,18.765183053095758,-0.01197574275867875,353.3275838391485
2027-12-17,put,305.0,20.15,20.65,100.0,747,0.23673248626708981,437,20.4,0.27692832618596486,0.27894994431845566,0.2809699999823077,-0.14708384954484527,0.27871366231139827,1.0,20.370770561600505,-0.01197574275867875,353.3275838391485
2027-12-17,put,310.0,21.95,22.35,8.0,4103,0.2334518794250488,437,22.15,0.2756758778562527,0.2772636530466585,0.2788506215518499,-0.1308233286730649,0.27699312965249867,1.0,22.11591899696085,-0.01197574275867875,353.3275838391485
2027-12-17,put,315.0,23.75,24.2,15.0,346,0.23052222122192384,437,23.975,0.2739202624784087,0.2756486837295061,0.2773763837500277,-0.11482298732662373,0.275348465262904,1.0,23.935930683673654,-0.01197574275867875,353.3275838391485
2027-12-17,put,320.0,25.65,26.1,1.0,4530,0.22718057983398435,437,25.875,0.27194867305413645,0.27364929570822527,0.2753493895952793,-0.09907463035848464,0.2737775375348237,1.0,25.891978904995266,-0.01197574275867875,353.3275838391485
2027-12-17,put,325.0,27.55,28.15,130.0,1067,0.22412885253906245,437,27.85,0.269424835622457,0.27164176693571473,0.2738580680037025,-0.08357044382251935,0.2722782906017511,1.0,27.93615903294076,-0.01197574275867875,353.3275838391485
2027-12-17,put,330.0,29.6,30.35,10.0,269,0.22135178070068356,437,29.975,0.26710709426982376,0.26984023467186374,0.27257270056482547,-0.06830297169173087,0.27084874124204883,1.0,30.113399944364584,-0.01197574275867875,353.3275838391485
2027-12-17,put,335.0,31.75,32.6,41.0,78,0.21810169113159178,437,32.175,0.26488664732784434,0.2679460908086586,0.2710050686305963,-0.05326509432719043,0.26948697590337467,1.0,32.389075556955575,-0.01197574275867875,353.3275838391485
2027-12-17,put,340.0,34.35,35.0,28.0,2787,0.21508811042785644,437,34.675,0.26501413285222963,0.26732921890331596,0.2696438989643426,-0.03845000854204976,0.26819114784664966,1.0,34.79602279954292,-0.01197574275867875,353.3275838391485
2027-12-17,put,345.0,36.65,38.2,10.0,61,0.21674367248535154,437,37.425,0.2622772191984425,0.2677910376773451,0.27330052178006403,-0.023851209120897037,0.2669594744074942,1.0,37.30803524920453,-0.01197574275867875,353.3275838391485
2027-12-17,put,350.0,39.45,40.05,11.0,433,0.2082827585601806,437,39.75,0.2622457282262193,0.26436821983544484,0.2664883847224683,-0.009462471668797504,0.2657902343724691,1.0,39.951157980571075,-0.01197574275867875,353.3275838391485
2027-12-17,put,355.0,42.0,43.0,20.0,63,0.20654327400207514,437,42.5,0.25966594302469304,0.2632394383988477,0.2668062077090391,0.004722163323158966,0.26468176546702415,1.0,42.70202816829495,-0.01197574275867875,353.3275838391485
2027-12-17,put,360.0,44.95,46.0,4.0,272,0.20430788375854486,437,45.475,0.2590973042403984,0.26284431526487134,0.26658187168868397,0.018708405297898894,0.2636324619517409,1.0,45.585564371160864,-0.01197574275867875,353.3275838391485
2027-12-17,put,365.0,47.85,49.0,20.0,100,0.2012103805541992,437,48.425,0.25735112236486873,0.26154376799451434,0.26572648474464616,0.032501727430234745,0.2626407723232439,1.0,48.57532837178044,-0.01197574275867875,353.3275838391485
2027-12-17,put,370.0,50.7,51.9,7.0,101,0.1964344273376465,437,51.3,0.2543628383989007,0.2587687351750377,0.2631598394601992,0.04610737948601319,0.2617051971160167,1.0,51.70087241831439,-0.01197574275867875,353.3275838391485
2027-12-17,put,375.0,53.85,55.35,1.0,123,0.19480175323486326,437,54.6,0.252639534961807,0.258343138841245,0.26401491938654364,0.05953039981815392,0.2608242868012884,1.0,54.92735634007404,-0.01197574275867875,353.3275838391485
2027-12-17,put,380.0,56.95,58.7,1.0,46,0.19149062911987308,437,57.825,0.24963405776220216,0.2563959713396183,0.26309442452229587,0.07277562656817459,0.2599966397791338,1.0,58.29393472428206,-0.01197574275867875,353.3275838391485
2027-12-17,put,385.0,61.1,61.75,2.0,33,0.18467001861572263,437,61.425,0.25395029216350057,0.2565793310701677,0.25919687296558097,0.0858477081355274,0.2592209004599476,0.0,61.75299007994412,-0.01197574275867875,353.3275838391485
2027-12-17,put,390.0,64.6,65.75,2.0,36,0.1846395013427734,437,65.175,0.2522435735533782,0.2570002643749412,0.26170421350559847,0.09875111297143532,0.2584957574315023,1.0,65.35701004454621,-0.01197574275867875,353.3275838391485
2027-12-17,put,395.0,67.25,69.45,17.0,89,0.1810842390441894,437,68.35,0.24177901767388998,0.25171064806563936,0.26128897978920673,0.11149013874886511,0.25781994170787126,1.0,69.0427110745242,-0.01197574275867875,353.3275838391485
2027-12-17,put,400.0,72.0,72.65,4.0,118,0.17136448760986328,437,72.325,0.24914207918102937,0.2521503005516106,0.2551270511945012,0.12406892095572507,0.25719222505658856,0.0,72.87793392743858,-0.01197574275867875,353.3275838391485
2027-12-17,put,405.0,75.8,77.3,4.0,72,0.17487397399902344,437,76.55,0.24673503905546837,0.2543117674340312,0.2613878138866811,0.13649144095428226,0.25661141840052304,1.0,76.79045736440477,-0.01197574275867875,353.3275838391485
2027-12-17,put,410.0,79.0,81.25,2.0,105,0.17014379669189456,437,80.125,0.2356785210205324,0.24853855793719876,0.2602691313389294,0.14876153354609664,0.25607637029105385,1.0,80.83974766823044,-0.01197574275867875,353.3275838391485
2027-12-17,put,415.0,83.4,85.4,2.0,1,0.1662833616638184,437,84.4,0.2361621280420412,0.24902607055022155,0.2602003949869581,0.16088289407844147,0.25558596544925777,1.0,84.9742042042835,-0.01197574275867875,353.3275838391485
2027-12-17,put,420.0,87.5,89.65,8.0,16,0.16223982299804687,437,88.575,0.2300839960014147,0.24676064978278892,0.26028196355422906,0.17285908512515719,0.2551391233719407,1.0,89.22458899485513,-0.01197574275867875,353.3275838391485
2027-12-17,put,425.0,91.95,94.05,4.0,8,0.15891344024658205,437,93.0,0.22516507105872036,0.2464769832862358,0.26101717182280143,0.18469354277216007,0.2547347969994721,1.0,93.57047898579332,-0.01197574275867875,353.3275838391485
2027-12-17,put,430.0,96.0,98.5,4.0,6,0.15479360839843753,437,97.25,,0.24018671643634357,0.26163513120120313,0.1963895825353512,0.25437197144250595,1.0,98.0154316704603,-0.01197574275867875,353.3275838391485
2027-12-17,put,435.0,101.25,103.1,2.0,4,0.15192498474121097,437,102.175,,0.2459114720140375,0.2632174692454348,0.20795040493642722,0.2540496627648002,1.0,102.56574407328114,-0.01197574275867875,353.3275838391485
2027-12-17,put,440.0,105.15,107.8,4.0,5,0.14984981018066407,437,106.475,,,0.2655986307093457,0.21937910076005,0.2537669168194664,1.0,107.20208136678416,-0.01197574275867875,353.3275838391485
2027-12-17,put,450.0,115.25,117.55,15.0,15,0.15229119201660157,437,116.4,,,0.27541265134502363,0.24185195661210865,0.2533164388563983,1.0,116.76819806602994,-0.01197574275867875,353.3275838391485
